Date,Area_Code,Area_Name,Count,Mean,Lower_quartile,Median,Upper_quartile,
2011_April,E09000001,City of London,29,2092,1733,2024,2210,
2011_April,E09000002,Barking and Dagenham,302,847,795,850,895,
2011_April,E09000003,Barnet,1183,1237,1018,1170,1343,
2011_April,E09000004,Bexley,324,794,750,800,850,
2011_April,E09000005,Brent,527,1369,1050,1300,1560,
2011_April,E09000006,Bromley,799,966,850,916,1050,
2011_April,E09000007,Camden,1089,1895,1582,1800,2123,
2011_April,E09000008,Croydon,591,904,850,900,938,
2011_April,E09000009,Ealing,585,1217,1000,1150,1350,
2011_April,E09000010,Enfield,541,1038,950,1000,1127,
2011_April,E09000011,Greenwich,566,1057,800,900,1250,
2011_April,E09000012,Hackney,761,1448,1170,1387,1625,
2011_April,E09000013,Hammersmith and Fulham,590,1632,1387,1560,1820,
2011_April,E09000014,Haringey,562,1284,1049,1235,1430,
2011_April,E09000015,Harrow,408,1032,925,1000,1100,
2011_April,E09000016,Havering,381,841,750,825,900,
2011_April,E09000017,Hillingdon,725,980,875,950,1075,
2011_April,E09000018,Hounslow,852,1160,900,1000,1250,
2011_April,E09000019,Islington,892,1719,1408,1625,1961,
2011_April,E09000020,Kensington and Chelsea,695,2872,2167,2600,3250,
2011_April,E09000021,Kingston upon Thames,507,1136,995,1100,1250,
2011_April,E09000022,Lambeth,1080,1307,1096,1250,1450,
2011_April,E09000023,Lewisham,740,1010,875,950,1100,
2011_April,E09000024,Merton,711,1187,950,1100,1300,
2011_April,E09000025,Newham,410,1003,867,950,1105,
2011_April,E09000026,Redbridge,675,956,825,900,1050,
2011_April,E09000027,Richmond upon Thames,901,1346,1100,1300,1495,
2011_April,E09000028,Southwark,1073,1440,1100,1300,1690,
2011_April,E09000029,Sutton,551,876,800,850,925,
2011_April,E09000030,Tower Hamlets,1054,1537,1257,1473,1712,
2011_April,E09000031,Waltham Forest,578,957,850,932,1000,
2011_April,E09000032,Wandsworth,1400,1398,1170,1350,1600,
2011_April,E09000033,Westminster,1036,2541,1875,2383,2925,
2011_April,E12000007,LONDON,23118,1358,950,1195,1550,
2011_April,E13000001,Inner London,11411,1644,1170,1473,1907,
2011_April,E13000002,Outer London,11707,1079,875,997,1200,
2011_Oct,E09000001,City of London,39,2223,1842,2058,2492,
2011_Oct,E09000002,Barking and Dagenham,310,852,800,850,900,
2011_Oct,E09000003,Barnet,1242,1269,1050,1192,1387,
2011_Oct,E09000004,Bexley,312,815,750,800,850,
2011_Oct,E09000005,Brent,547,1381,1100,1343,1550,
2011_Oct,E09000006,Bromley,723,991,875,950,1100,
2011_Oct,E09000007,Camden,1051,2006,1647,1928,2210,
2011_Oct,E09000008,Croydon,558,918,850,925,950,
2011_Oct,E09000009,Ealing,792,1308,1100,1250,1447,
2011_Oct,E09000010,Enfield,552,1069,995,1050,1150,
2011_Oct,E09000011,Greenwich,478,1070,800,900,1200,
2011_Oct,E09000012,Hackney,566,1473,1148,1408,1712,
2011_Oct,E09000013,Hammersmith and Fulham,612,1664,1430,1625,1842,
2011_Oct,E09000014,Haringey,519,1266,1083,1235,1408,
2011_Oct,E09000015,Harrow,442,1076,950,1050,1170,
2011_Oct,E09000016,Havering,328,844,750,825,900,
2011_Oct,E09000017,Hillingdon,768,994,875,950,1100,
2011_Oct,E09000018,Hounslow,718,1255,950,1100,1473,
2011_Oct,E09000019,Islington,777,1779,1430,1712,2058,
2011_Oct,E09000020,Kensington and Chelsea,413,2731,2145,2578,3033,
2011_Oct,E09000021,Kingston upon Thames,221,1156,1025,1150,1250,
2011_Oct,E09000022,Lambeth,985,1391,1148,1300,1517,
2011_Oct,E09000023,Lewisham,783,1040,875,1000,1150,
2011_Oct,E09000024,Merton,730,1290,1100,1248,1400,
2011_Oct,E09000025,Newham,342,1015,867,950,1127,
2011_Oct,E09000026,Redbridge,559,973,849,925,1050,
2011_Oct,E09000027,Richmond upon Thames,826,1359,1127,1295,1495,
2011_Oct,E09000028,Southwark,1046,1414,1100,1300,1625,
2011_Oct,E09000029,Sutton,371,910,825,895,950,
2011_Oct,E09000030,Tower Hamlets,685,1604,1300,1517,1820,
2011_Oct,E09000031,Waltham Forest,605,981,897,950,1050,
2011_Oct,E09000032,Wandsworth,1359,1462,1200,1400,1625,
2011_Oct,E09000033,Westminster,1067,2577,1950,2383,2947,
2011_Oct,E12000007,LONDON,21326,1383,975,1200,1582,
2011_Oct,E13000001,Inner London,10244,1665,1200,1517,1950,
2011_Oct,E13000002,Outer London,11082,1121,900,1050,1250,
2012_April,E09000001,City of London,38,2316,1950,2156,2600,
2012_April,E09000002,Barking and Dagenham,255,855,800,850,900,
2012_April,E09000003,Barnet,760,1277,1062,1200,1365,
2012_April,E09000004,Bexley,258,846,775,825,895,
2012_April,E09000005,Brent,528,1386,1113,1343,1517,
2012_April,E09000006,Bromley,580,1026,900,975,1150,
2012_April,E09000007,Camden,947,2019,1625,1907,2275,
2012_April,E09000008,Croydon,439,950,875,938,1000,
2012_April,E09000009,Ealing,1029,1286,1100,1250,1400,
2012_April,E09000010,Enfield,382,1087,995,1050,1192,
2012_April,E09000011,Greenwich,402,1141,850,1000,1300,
2012_April,E09000012,Hackney,424,1578,1235,1517,1733,
2012_April,E09000013,Hammersmith and Fulham,586,1724,1473,1647,1950,
2012_April,E09000014,Haringey,367,1340,1100,1300,1517,
2012_April,E09000015,Harrow,438,1126,975,1088,1200,
2012_April,E09000016,Havering,293,858,750,850,949,
2012_April,E09000017,Hillingdon,682,1033,900,995,1150,
2012_April,E09000018,Hounslow,745,1214,975,1100,1350,
2012_April,E09000019,Islington,735,1747,1430,1668,1993,
2012_April,E09000020,Kensington and Chelsea,328,2854,2156,2622,3369,
2012_April,E09000021,Kingston upon Thames,208,1210,1100,1196,1295,
2012_April,E09000022,Lambeth,974,1468,1192,1365,1600,
2012_April,E09000023,Lewisham,755,1072,900,1040,1200,
2012_April,E09000024,Merton,626,1290,1100,1250,1400,
2012_April,E09000025,Newham,279,1030,898,997,1150,
2012_April,E09000026,Redbridge,500,983,850,950,1100,
2012_April,E09000027,Richmond upon Thames,611,1417,1150,1350,1525,
2012_April,E09000028,Southwark,1043,1488,1150,1350,1733,
2012_April,E09000029,Sutton,224,957,875,950,1000,
2012_April,E09000030,Tower Hamlets,535,1658,1343,1517,1842,
2012_April,E09000031,Waltham Forest,571,1010,900,1000,1100,
2012_April,E09000032,Wandsworth,1434,1527,1278,1473,1690,
2012_April,E09000033,Westminster,851,2644,1950,2427,3012,
2012_April,E12000007,LONDON,18827,1418,1000,1250,1603,
2012_April,E13000001,Inner London,9296,1699,1235,1517,1950,
2012_April,E13000002,Outer London,9531,1145,925,1100,1257,
2012_Oct,E09000001,City of London,52,2004,1701,2044,2297,
2012_Oct,E09000002,Barking and Dagenham,277,908,825,888,960,
2012_Oct,E09000003,Barnet,679,1257,1062,1200,1322,
2012_Oct,E09000004,Bexley,225,864,800,850,900,
2012_Oct,E09000005,Brent,505,1406,1195,1385,1538,
2012_Oct,E09000006,Bromley,643,1011,875,975,1150,
2012_Oct,E09000007,Camden,1035,2044,1668,1907,2275,
2012_Oct,E09000008,Croydon,485,965,900,938,1000,
2012_Oct,E09000009,Ealing,845,1280,1100,1250,1408,
2012_Oct,E09000010,Enfield,325,1108,1000,1100,1200,
2012_Oct,E09000011,Greenwich,381,1178,950,1100,1350,
2012_Oct,E09000012,Hackney,533,1601,1325,1517,1733,
2012_Oct,E09000013,Hammersmith and Fulham,759,1770,1495,1668,1950,
2012_Oct,E09000014,Haringey,360,1411,1224,1400,1560,
2012_Oct,E09000015,Harrow,335,1128,1000,1100,1200,
2012_Oct,E09000016,Havering,332,875,800,850,950,
2012_Oct,E09000017,Hillingdon,586,1058,950,1000,1175,
2012_Oct,E09000018,Hounslow,720,1283,1000,1150,1430,
2012_Oct,E09000019,Islington,732,1791,1517,1733,2015,
2012_Oct,E09000020,Kensington and Chelsea,448,2912,2275,2708,3358,
2012_Oct,E09000021,Kingston upon Thames,402,1251,1105,1200,1300,
2012_Oct,E09000022,Lambeth,973,1483,1213,1408,1625,
2012_Oct,E09000023,Lewisham,653,1097,950,1051,1200,
2012_Oct,E09000024,Merton,380,1341,1100,1250,1500,
2012_Oct,E09000025,Newham,406,1170,950,1100,1300,
2012_Oct,E09000026,Redbridge,516,1009,850,950,1100,
2012_Oct,E09000027,Richmond upon Thames,608,1540,1275,1450,1695,
2012_Oct,E09000028,Southwark,1036,1593,1249,1449,1842,
2012_Oct,E09000029,Sutton,243,976,895,950,1050,
2012_Oct,E09000030,Tower Hamlets,1038,1797,1430,1647,1950,
2012_Oct,E09000031,Waltham Forest,525,1037,925,1000,1105,
2012_Oct,E09000032,Wandsworth,1583,1615,1350,1523,1777,
2012_Oct,E09000033,Westminster,994,2604,1993,2383,2817,
2012_Oct,E12000007,LONDON,19614,1495,1075,1343,1712,
2012_Oct,E13000001,Inner London,10602,1777,1339,1603,2015,
2012_Oct,E13000002,Outer London,9012,1163,950,1100,1300,
2013_April,E09000001,City of London,59,2127,1733,2058,2383,
2013_April,E09000002,Barking and Dagenham,276,935,850,900,1000,
2013_April,E09000003,Barnet,633,1258,1083,1200,1350,
2013_April,E09000004,Bexley,291,867,800,850,900,
2013_April,E09000005,Brent,376,1357,1193,1343,1517,
2013_April,E09000006,Bromley,629,1010,850,1000,1150,
2013_April,E09000007,Camden,834,2040,1690,1950,2275,
2013_April,E09000008,Croydon,354,998,900,950,1100,
2013_April,E09000009,Ealing,662,1416,1200,1348,1560,
2013_April,E09000010,Enfield,396,1139,1025,1100,1200,
2013_April,E09000011,Greenwich,456,1144,900,1100,1300,
2013_April,E09000012,Hackney,612,1599,1387,1517,1733,
2013_April,E09000013,Hammersmith and Fulham,700,1753,1500,1690,1928,
2013_April,E09000014,Haringey,434,1384,1200,1350,1517,
2013_April,E09000015,Harrow,293,1156,1040,1148,1250,
2013_April,E09000016,Havering,307,882,800,850,950,
2013_April,E09000017,Hillingdon,443,1062,950,1050,1200,
2013_April,E09000018,Hounslow,548,1368,1095,1257,1582,
2013_April,E09000019,Islington,766,1790,1517,1712,2015,
2013_April,E09000020,Kensington and Chelsea,642,2789,2275,2655,3142,
2013_April,E09000021,Kingston upon Thames,278,1239,1095,1200,1300,
2013_April,E09000022,Lambeth,956,1502,1250,1430,1625,
2013_April,E09000023,Lewisham,591,1121,950,1100,1250,
2013_April,E09000024,Merton,292,1357,1100,1287,1500,
2013_April,E09000025,Newham,400,1175,998,1150,1300,
2013_April,E09000026,Redbridge,501,1032,880,995,1125,
2013_April,E09000027,Richmond upon Thames,803,1561,1295,1450,1700,
2013_April,E09000028,Southwark,928,1593,1250,1452,1842,
2013_April,E09000029,Sutton,235,1014,908,999,1100,
2013_April,E09000030,Tower Hamlets,1207,1777,1450,1647,1950,
2013_April,E09000031,Waltham Forest,557,1070,950,1050,1170,
2013_April,E09000032,Wandsworth,1796,1583,1350,1517,1750,
2013_April,E09000033,Westminster,1081,2490,2015,2383,2730,
2013_April,E12000007,LONDON,19336,1521,1100,1387,1733,
2013_April,E13000001,Inner London,11006,1774,1350,1625,2048,
2013_April,E13000002,Outer London,8330,1188,950,1100,1320,
2013_Oct,E09000001,City of London,49,2328,1842,2145,2492,
2013_Oct,E09000002,Barking and Dagenham,216,872,777,850,950,
2013_Oct,E09000003,Barnet,578,1304,1127,1298,1430,
2013_Oct,E09000004,Bexley,292,880,800,850,950,
2013_Oct,E09000005,Brent,352,1347,1150,1300,1500,
2013_Oct,E09000006,Bromley,516,1054,902,1025,1200,
2013_Oct,E09000007,Camden,473,1933,1625,1820,2167,
2013_Oct,E09000008,Croydon,437,999,900,950,1100,
2013_Oct,E09000009,Ealing,650,1462,1257,1395,1600,
2013_Oct,E09000010,Enfield,420,1152,1078,1150,1207,
2013_Oct,E09000011,Greenwich,454,1196,925,1200,1350,
2013_Oct,E09000012,Hackney,534,1589,1365,1517,1777,
2013_Oct,E09000013,Hammersmith and Fulham,534,1762,1517,1692,1950,
2013_Oct,E09000014,Haringey,505,1387,1200,1365,1517,
2013_Oct,E09000015,Harrow,250,1169,1050,1150,1250,
2013_Oct,E09000016,Havering,219,884,775,867,975,
2013_Oct,E09000017,Hillingdon,218,1081,950,1090,1200,
2013_Oct,E09000018,Hounslow,315,1384,1100,1250,1600,
2013_Oct,E09000019,Islington,719,1819,1517,1733,2015,
2013_Oct,E09000020,Kensington and Chelsea,540,2808,2286,2708,3142,
2013_Oct,E09000021,Kingston upon Thames,217,1241,1100,1200,1350,
2013_Oct,E09000022,Lambeth,993,1506,1300,1452,1603,
2013_Oct,E09000023,Lewisham,579,1146,1000,1100,1250,
2013_Oct,E09000024,Merton,275,1424,1175,1300,1600,
2013_Oct,E09000025,Newham,362,1100,913,1096,1257,
2013_Oct,E09000026,Redbridge,632,1016,850,970,1163,
2013_Oct,E09000027,Richmond upon Thames,975,1580,1300,1495,1750,
2013_Oct,E09000028,Southwark,885,1598,1300,1490,1842,
2013_Oct,E09000029,Sutton,232,1023,950,1000,1100,
2013_Oct,E09000030,Tower Hamlets,1095,1564,1322,1517,1733,
2013_Oct,E09000031,Waltham Forest,600,1089,1000,1100,1200,
2013_Oct,E09000032,Wandsworth,1789,1591,1352,1538,1750,
2013_Oct,E09000033,Westminster,642,2442,1900,2275,2708,
2013_Oct,E12000007,LONDON,17547,1480,1100,1375,1699,
2013_Oct,E13000001,Inner London,9699,1695,1300,1560,1907,
2013_Oct,E13000002,Outer London,7848,1213,975,1150,1352,
2014_April,E09000001,City of London,39,2341,2058,2167,2600,
2014_April,E09000002,Barking and Dagenham,192,873,776,850,950,
2014_April,E09000003,Barnet,961,1331,1192,1300,1430,
2014_April,E09000004,Bexley,263,900,825,875,970,
2014_April,E09000005,Brent,578,1424,1250,1408,1560,
2014_April,E09000006,Bromley,557,1118,975,1100,1250,
2014_April,E09000007,Camden,805,1976,1647,1885,2167,
2014_April,E09000008,Croydon,682,1032,925,1000,1100,
2014_April,E09000009,Ealing,531,1395,1250,1350,1500,
2014_April,E09000010,Enfield,503,1136,1050,1150,1225,
2014_April,E09000011,Greenwich,487,1273,1000,1250,1500,
2014_April,E09000012,Hackney,538,1665,1408,1614,1842,
2014_April,E09000013,Hammersmith and Fulham,632,1752,1517,1690,1928,
2014_April,E09000014,Haringey,623,1405,1248,1387,1517,
2014_April,E09000015,Harrow,332,1202,1100,1200,1275,
2014_April,E09000016,Havering,246,916,795,875,1000,
2014_April,E09000017,Hillingdon,380,1111,1000,1100,1250,
2014_April,E09000018,Hounslow,368,1333,1075,1200,1500,
2014_April,E09000019,Islington,765,1913,1603,1842,2145,
2014_April,E09000020,Kensington and Chelsea,518,2879,2175,2622,3250,
2014_April,E09000021,Kingston upon Thames,629,1306,1150,1250,1400,
2014_April,E09000022,Lambeth,992,1522,1300,1475,1647,
2014_April,E09000023,Lewisham,765,1186,1025,1175,1300,
2014_April,E09000024,Merton,412,1389,1200,1300,1525,
2014_April,E09000025,Newham,362,1154,950,1150,1300,
2014_April,E09000026,Redbridge,545,1014,850,997,1195,
2014_April,E09000027,Richmond upon Thames,960,1596,1325,1495,1750,
2014_April,E09000028,Southwark,962,1595,1300,1500,1798,
2014_April,E09000029,Sutton,347,1061,950,1050,1150,
2014_April,E09000030,Tower Hamlets,1011,1590,1343,1517,1733,
2014_April,E09000031,Waltham Forest,457,1103,1000,1100,1200,
2014_April,E09000032,Wandsworth,1732,1617,1400,1560,1798,
2014_April,E09000033,Westminster,920,2731,1993,2578,3031,
2014_April,E12000007,LONDON,20094,1516,1150,1387,1712,
2014_April,E13000001,Inner London,10664,1763,1350,1603,1950,
2014_April,E13000002,Outer London,9430,1236,1000,1200,1387,
2014_Oct,E09000001,City of London,40,2979,2113,2492,3127,
2014_Oct,E09000002,Barking and Dagenham,296,952,829,950,1075,
2014_Oct,E09000003,Barnet,1150,1342,1200,1300,1430,
2014_Oct,E09000004,Bexley,307,937,850,900,1000,
2014_Oct,E09000005,Brent,702,1416,1250,1365,1550,
2014_Oct,E09000006,Bromley,661,1146,1000,1150,1250,
2014_Oct,E09000007,Camden,1029,2077,1712,1950,2297,
2014_Oct,E09000008,Croydon,780,1090,1000,1100,1195,
2014_Oct,E09000009,Ealing,573,1425,1250,1375,1550,
2014_Oct,E09000010,Enfield,517,1171,1100,1200,1250,
2014_Oct,E09000011,Greenwich,540,1300,1000,1250,1550,
2014_Oct,E09000012,Hackney,561,1753,1473,1690,1950,
2014_Oct,E09000013,Hammersmith and Fulham,629,1770,1517,1712,1950,
2014_Oct,E09000014,Haringey,650,1436,1257,1408,1550,
2014_Oct,E09000015,Harrow,585,1240,1150,1225,1300,
2014_Oct,E09000016,Havering,317,958,825,925,1100,
2014_Oct,E09000017,Hillingdon,519,1165,1050,1150,1250,
2014_Oct,E09000018,Hounslow,546,1337,1100,1225,1500,
2014_Oct,E09000019,Islington,918,1970,1603,1907,2275,
2014_Oct,E09000020,Kensington and Chelsea,500,2937,2275,2708,3250,
2014_Oct,E09000021,Kingston upon Thames,696,1335,1200,1300,1450,
2014_Oct,E09000022,Lambeth,1050,1569,1350,1500,1690,
2014_Oct,E09000023,Lewisham,802,1228,1100,1200,1350,
2014_Oct,E09000024,Merton,463,1416,1200,1350,1550,
2014_Oct,E09000025,Newham,339,1194,1000,1200,1350,
2014_Oct,E09000026,Redbridge,460,1086,950,1100,1200,
2014_Oct,E09000027,Richmond upon Thames,842,1646,1350,1500,1800,
2014_Oct,E09000028,Southwark,877,1617,1350,1517,1798,
2014_Oct,E09000029,Sutton,403,1087,995,1099,1200,
2014_Oct,E09000030,Tower Hamlets,983,1721,1408,1603,1950,
2014_Oct,E09000031,Waltham Forest,437,1171,1095,1200,1250,
2014_Oct,E09000032,Wandsworth,1753,1662,1425,1600,1842,
2014_Oct,E09000033,Westminster,1088,3035,2253,2708,3445,
2014_Oct,E12000007,LONDON,22013,1569,1200,1400,1733,
2014_Oct,E13000001,Inner London,11219,1865,1400,1650,2080,
2014_Oct,E13000002,Outer London,10794,1262,1075,1200,1400,
2015_April,E09000001,City of London,38,3238,2167,2492,4767,
2015_April,E09000002,Barking and Dagenham,300,1001,833,1012,1150,
2015_April,E09000003,Barnet,1164,1407,1250,1365,1517,
2015_April,E09000004,Bexley,302,971,875,950,1075,
2015_April,E09000005,Brent,864,1472,1300,1450,1603,
2015_April,E09000006,Bromley,481,1159,1050,1175,1275,
2015_April,E09000007,Camden,867,2196,1777,2037,2492,
2015_April,E09000008,Croydon,597,1120,1000,1100,1200,
2015_April,E09000009,Ealing,788,1490,1300,1450,1602,
2015_April,E09000010,Enfield,526,1263,1200,1250,1350,
2015_April,E09000011,Greenwich,475,1292,1000,1200,1500,
2015_April,E09000012,Hackney,520,1809,1517,1733,1950,
2015_April,E09000013,Hammersmith and Fulham,461,1839,1547,1733,2015,
2015_April,E09000014,Haringey,718,1512,1300,1473,1625,
2015_April,E09000015,Harrow,745,1272,1175,1250,1350,
2015_April,E09000016,Havering,252,972,829,950,1100,
2015_April,E09000017,Hillingdon,482,1218,1100,1200,1300,
2015_April,E09000018,Hounslow,678,1480,1175,1350,1688,
2015_April,E09000019,Islington,996,2032,1625,1950,2373,
2015_April,E09000020,Kensington and Chelsea,570,3072,2383,2817,3445,
2015_April,E09000021,Kingston upon Thames,457,1387,1250,1350,1500,
2015_April,E09000022,Lambeth,1013,1609,1400,1517,1733,
2015_April,E09000023,Lewisham,495,1268,1100,1250,1400,
2015_April,E09000024,Merton,462,1520,1300,1450,1650,
2015_April,E09000025,Newham,401,1247,1100,1248,1400,
2015_April,E09000026,Redbridge,567,1115,950,1150,1250,
2015_April,E09000027,Richmond upon Thames,1003,1677,1350,1550,1850,
2015_April,E09000028,Southwark,813,1748,1400,1600,1950,
2015_April,E09000029,Sutton,265,1134,1050,1150,1225,
2015_April,E09000030,Tower Hamlets,964,1766,1452,1647,1993,
2015_April,E09000031,Waltham Forest,515,1191,1100,1200,1300,
2015_April,E09000032,Wandsworth,1389,1731,1499,1668,1900,
2015_April,E09000033,Westminster,1042,2875,2058,2513,3142,
2015_April,E12000007,LONDON,21210,1626,1225,1450,1800,
2015_April,E13000001,Inner London,10287,1940,1452,1733,2167,
2015_April,E13000002,Outer London,10923,1330,1148,1295,1450,
2015_Oct,E09000001,City of London,20,2928,2167,2459,3001,
2015_Oct,E09000002,Barking and Dagenham,270,1070,950,1100,1200,
2015_Oct,E09000003,Barnet,1160,1445,1257,1400,1551,
2015_Oct,E09000004,Bexley,390,1005,900,1000,1100,
2015_Oct,E09000005,Brent,1030,1530,1350,1500,1668,
2015_Oct,E09000006,Bromley,570,1181,1047,1200,1300,
2015_Oct,E09000007,Camden,1180,2239,1842,2080,2535,
2015_Oct,E09000008,Croydon,420,1138,1050,1150,1248,
2015_Oct,E09000009,Ealing,760,1510,1300,1452,1650,
2015_Oct,E09000010,Enfield,670,1261,1200,1250,1350,
2015_Oct,E09000011,Greenwich,580,1326,1100,1290,1550,
2015_Oct,E09000012,Hackney,640,1852,1517,1798,2080,
2015_Oct,E09000013,Hammersmith and Fulham,390,1922,1600,1798,2080,
2015_Oct,E09000014,Haringey,840,1555,1350,1495,1669,
2015_Oct,E09000015,Harrow,860,1305,1200,1295,1400,
2015_Oct,E09000016,Havering,280,996,860,1000,1100,
2015_Oct,E09000017,Hillingdon,480,1217,1100,1200,1330,
2015_Oct,E09000018,Hounslow,770,1633,1275,1550,1900,
2015_Oct,E09000019,Islington,1000,2050,1668,1950,2318,
2015_Oct,E09000020,Kensington and Chelsea,810,3177,2438,3012,3499,
2015_Oct,E09000021,Kingston upon Thames,780,1378,1250,1350,1498,
2015_Oct,E09000022,Lambeth,1090,1647,1430,1600,1798,
2015_Oct,E09000023,Lewisham,740,1308,1192,1300,1450,
2015_Oct,E09000024,Merton,470,1499,1300,1425,1625,
2015_Oct,E09000025,Newham,590,1341,1200,1300,1525,
2015_Oct,E09000026,Redbridge,590,1168,1050,1200,1300,
2015_Oct,E09000027,Richmond upon Thames,1110,1667,1350,1550,1825,
2015_Oct,E09000028,Southwark,1130,1696,1352,1560,1907,
2015_Oct,E09000029,Sutton,350,1162,1075,1150,1250,
2015_Oct,E09000030,Tower Hamlets,970,1868,1582,1750,2058,
2015_Oct,E09000031,Waltham Forest,600,1238,1150,1250,1350,
2015_Oct,E09000032,Wandsworth,1290,1785,1517,1700,1950,
2015_Oct,E09000033,Westminster,1530,2833,2145,2600,3185,
2015_Oct,E12000007,LONDON,24370,1685,1250,1500,1885,
2015_Oct,E13000001,Inner London,12240,2003,1500,1795,2275,
2015_Oct,E13000002,Outer London,12130,1364,1175,1300,1500,
2016_April,E09000001,City of London,30,3014,2362,2568,3369,
2016_April,E09000002,Barking and Dagenham,320,1087,950,1100,1200,
2016_April,E09000003,Barnet,1100,1450,1257,1400,1560,
2016_April,E09000004,Bexley,390,1035,925,1000,1150,
2016_April,E09000005,Brent,970,1555,1387,1517,1699,
2016_April,E09000006,Bromley,700,1212,1098,1200,1350,
2016_April,E09000007,Camden,1280,2215,1842,2058,2492,
2016_April,E09000008,Croydon,580,1162,1075,1178,1250,
2016_April,E09000009,Ealing,740,1518,1300,1450,1651,
2016_April,E09000010,Enfield,690,1282,1200,1300,1350,
2016_April,E09000011,Greenwich,670,1369,1100,1300,1600,
2016_April,E09000012,Hackney,750,1898,1517,1820,2167,
2016_April,E09000013,Hammersmith and Fulham,610,1909,1603,1835,2102,
2016_April,E09000014,Haringey,900,1545,1350,1500,1647,
2016_April,E09000015,Harrow,700,1325,1225,1300,1400,
2016_April,E09000016,Havering,370,1034,900,1000,1150,
2016_April,E09000017,Hillingdon,370,1209,1100,1200,1300,
2016_April,E09000018,Hounslow,860,1595,1250,1488,1842,
2016_April,E09000019,Islington,1100,2033,1668,1950,2318,
2016_April,E09000020,Kensington and Chelsea,970,3287,2492,3033,3640,
2016_April,E09000021,Kingston upon Thames,770,1378,1250,1350,1495,
2016_April,E09000022,Lambeth,1170,1643,1450,1625,1798,
2016_April,E09000023,Lewisham,950,1350,1200,1350,1500,
2016_April,E09000024,Merton,540,1535,1325,1450,1650,
2016_April,E09000025,Newham,670,1351,1200,1350,1515,
2016_April,E09000026,Redbridge,630,1210,1100,1200,1350,
2016_April,E09000027,Richmond upon Thames,980,1654,1375,1550,1800,
2016_April,E09000028,Southwark,1270,1699,1400,1560,1876,
2016_April,E09000029,Sutton,570,1185,1100,1200,1250,
2016_April,E09000030,Tower Hamlets,1110,1900,1603,1800,2058,
2016_April,E09000031,Waltham Forest,620,1269,1150,1275,1395,
2016_April,E09000032,Wandsworth,1450,1765,1520,1700,1950,
2016_April,E09000033,Westminster,1560,2838,2123,2600,3207,
2016_April,E12000007,LONDON,26390,1700,1275,1500,1898,
2016_April,E13000001,Inner London,13830,2004,1500,1777,2275,
2016_April,E13000002,Outer London,12560,1365,1195,1300,1500,
2016_Oct,E09000001,City of London,40,2681,2232,2383,2665,
2016_Oct,E09000002,Barking and Dagenham,380,1153,1050,1175,1250,
2016_Oct,E09000003,Barnet,1240,1435,1275,1400,1523,
2016_Oct,E09000004,Bexley,350,1052,950,1025,1150,
2016_Oct,E09000005,Brent,940,1535,1365,1500,1648,
2016_Oct,E09000006,Bromley,730,1223,1100,1225,1350,
2016_Oct,E09000007,Camden,820,2183,1777,2058,2492,
2016_Oct,E09000008,Croydon,510,1168,1095,1175,1250,
2016_Oct,E09000009,Ealing,910,1520,1313,1458,1649,
2016_Oct,E09000010,Enfield,640,1307,1200,1300,1400,
2016_Oct,E09000011,Greenwich,580,1386,1100,1350,1600,
2016_Oct,E09000012,Hackney,620,1904,1550,1798,2145,
2016_Oct,E09000013,Hammersmith and Fulham,840,1934,1647,1842,2145,
2016_Oct,E09000014,Haringey,830,1544,1352,1499,1645,
2016_Oct,E09000015,Harrow,590,1346,1250,1325,1420,
2016_Oct,E09000016,Havering,310,1058,950,1050,1175,
2016_Oct,E09000017,Hillingdon,470,1228,1150,1250,1350,
2016_Oct,E09000018,Hounslow,850,1479,1225,1350,1668,
2016_Oct,E09000019,Islington,1040,2069,1712,1950,2383,
2016_Oct,E09000020,Kensington and Chelsea,1190,3367,2535,3033,3683,
2016_Oct,E09000021,Kingston upon Thames,380,1391,1250,1350,1500,
2016_Oct,E09000022,Lambeth,1090,1630,1430,1603,1777,
2016_Oct,E09000023,Lewisham,780,1367,1200,1350,1500,
2016_Oct,E09000024,Merton,580,1509,1300,1450,1600,
2016_Oct,E09000025,Newham,630,1421,1250,1400,1600,
2016_Oct,E09000026,Redbridge,620,1235,1125,1250,1350,
2016_Oct,E09000027,Richmond upon Thames,970,1621,1360,1500,1750,
2016_Oct,E09000028,Southwark,1270,1732,1420,1600,1900,
2016_Oct,E09000029,Sutton,500,1185,1100,1195,1275,
2016_Oct,E09000030,Tower Hamlets,1090,1926,1625,1800,2037,
2016_Oct,E09000031,Waltham Forest,620,1287,1200,1275,1400,
2016_Oct,E09000032,Wandsworth,1410,1778,1538,1700,1950,
2016_Oct,E09000033,Westminster,1470,2777,2058,2492,3137,
2016_Oct,E12000007,LONDON,25300,1716,1300,1500,1885,
2016_Oct,E13000001,Inner London,13130,2040,1517,1798,2275,
2016_Oct,E13000002,Outer London,12170,1366,1200,1300,1500,
2017_April,E09000001,City of London,20,2447,2058,2275,2578,
2017_April,E09000002,Barking and Dagenham,360,1179,1100,1200,1300,
2017_April,E09000003,Barnet,1050,1414,1250,1365,1500,
2017_April,E09000004,Bexley,370,1047,950,1050,1150,
2017_April,E09000005,Brent,640,1492,1350,1490,1625,
2017_April,E09000006,Bromley,600,1215,1100,1200,1300,
2017_April,E09000007,Camden,620,2148,1740,2037,2383,
2017_April,E09000008,Croydon,520,1179,1100,1190,1295,
2017_April,E09000009,Ealing,950,1483,1300,1450,1600,
2017_April,E09000010,Enfield,600,1307,1222,1300,1400,
2017_April,E09000011,Greenwich,400,1377,1100,1350,1600,
2017_April,E09000012,Hackney,520,1801,1495,1712,1993,
2017_April,E09000013,Hammersmith and Fulham,750,1833,1599,1751,1998,
2017_April,E09000014,Haringey,710,1506,1350,1452,1625,
2017_April,E09000015,Harrow,650,1358,1250,1350,1450,
2017_April,E09000016,Havering,290,1080,995,1100,1200,
2017_April,E09000017,Hillingdon,580,1237,1150,1250,1350,
2017_April,E09000018,Hounslow,610,1415,1200,1350,1600,
2017_April,E09000019,Islington,1030,1999,1650,1928,2275,
2017_April,E09000020,Kensington and Chelsea,730,3368,2492,3033,3683,
2017_April,E09000021,Kingston upon Thames,500,1401,1250,1350,1500,
2017_April,E09000022,Lambeth,830,1615,1400,1600,1770,
2017_April,E09000023,Lewisham,580,1365,1200,1328,1500,
2017_April,E09000024,Merton,540,1472,1300,1400,1599,
2017_April,E09000025,Newham,640,1432,1275,1400,1582,
2017_April,E09000026,Redbridge,650,1232,1125,1225,1325,
2017_April,E09000027,Richmond upon Thames,780,1580,1350,1495,1695,
2017_April,E09000028,Southwark,1050,1696,1400,1550,1885,
2017_April,E09000029,Sutton,460,1172,1100,1150,1250,
2017_April,E09000030,Tower Hamlets,980,1869,1600,1733,1972,
2017_April,E09000031,Waltham Forest,610,1292,1200,1300,1400,
2017_April,E09000032,Wandsworth,1180,1757,1500,1700,1950,
2017_April,E09000033,Westminster,1060,2744,2058,2492,3142,
2017_April,E12000007,LONDON,21830,1642,1250,1473,1798,
2017_April,E13000001,Inner London,10680,1956,1500,1733,2167,
2017_April,E13000002,Outer London,11150,1341,1195,1300,1450,
2017_Oct,E09000001,City of London,10,2732,2050,2297,3467,
2017_Oct,E09000002,Barking and Dagenham,330,1188,1100,1200,1300,
2017_Oct,E09000003,Barnet,900,1406,1250,1352,1500,
2017_Oct,E09000004,Bexley,330,1041,950,1025,1100,
2017_Oct,E09000005,Brent,730,1527,1350,1500,1650,
2017_Oct,E09000006,Bromley,640,1218,1100,1200,1300,
2017_Oct,E09000007,Camden,540,2106,1712,1993,2383,
2017_Oct,E09000008,Croydon,800,1185,1100,1200,1275,
2017_Oct,E09000009,Ealing,990,1486,1300,1447,1600,
2017_Oct,E09000010,Enfield,460,1303,1200,1300,1400,
2017_Oct,E09000011,Greenwich,340,1414,1150,1350,1600,
2017_Oct,E09000012,Hackney,580,1785,1475,1690,2002,
2017_Oct,E09000013,Hammersmith and Fulham,460,1764,1504,1712,1950,
2017_Oct,E09000014,Haringey,500,1473,1320,1450,1603,
2017_Oct,E09000015,Harrow,640,1328,1225,1300,1400,
2017_Oct,E09000016,Havering,280,1111,1000,1100,1200,
2017_Oct,E09000017,Hillingdon,490,1254,1150,1250,1350,
2017_Oct,E09000018,Hounslow,790,1332,1195,1275,1400,
2017_Oct,E09000019,Islington,900,1991,1650,1907,2275,
2017_Oct,E09000020,Kensington and Chelsea,270,2919,2275,2708,3250,
2017_Oct,E09000021,Kingston upon Thames,430,1382,1250,1350,1495,
2017_Oct,E09000022,Lambeth,980,1617,1400,1582,1750,
2017_Oct,E09000023,Lewisham,770,1393,1250,1400,1534,
2017_Oct,E09000024,Merton,620,1481,1300,1410,1600,
2017_Oct,E09000025,Newham,590,1414,1250,1400,1500,
2017_Oct,E09000026,Redbridge,530,1228,1145,1200,1300,
2017_Oct,E09000027,Richmond upon Thames,800,1647,1395,1540,1795,
2017_Oct,E09000028,Southwark,1160,1674,1408,1560,1820,
2017_Oct,E09000029,Sutton,490,1170,1100,1175,1250,
2017_Oct,E09000030,Tower Hamlets,930,1869,1560,1700,1993,
2017_Oct,E09000031,Waltham Forest,530,1297,1200,1300,1400,
2017_Oct,E09000032,Wandsworth,1280,1734,1500,1650,1900,
2017_Oct,E09000033,Westminster,1030,2772,2080,2492,3109,
2017_Oct,E12000007,LONDON,21100,1588,1250,1450,1733,
2017_Oct,E13000001,Inner London,10010,1857,1456,1674,2058,
2017_Oct,E13000002,Outer London,11090,1346,1195,1300,1450,
2018_April,E09000001,City of London,20,2697,2221,2383,2871,
2018_April,E09000002,Barking and Dagenham,300,1186,1100,1200,1300,
2018_April,E09000003,Barnet,1050,1417,1250,1375,1500,
2018_April,E09000004,Bexley,280,1049,950,1050,1150,
2018_April,E09000005,Brent,850,1539,1350,1500,1650,
2018_April,E09000006,Bromley,740,1225,1100,1225,1350,
2018_April,E09000007,Camden,1080,2166,1798,2058,2427,
2018_April,E09000008,Croydon,570,1190,1100,1200,1250,
2018_April,E09000009,Ealing,990,1509,1300,1450,1625,
2018_April,E09000010,Enfield,220,1308,1222,1300,1400,
2018_April,E09000011,Greenwich,360,1379,1198,1300,1550,
2018_April,E09000012,Hackney,630,1849,1517,1778,2058,
2018_April,E09000013,Hammersmith and Fulham,700,1865,1582,1753,2058,
2018_April,E09000014,Haringey,400,1550,1361,1500,1699,
2018_April,E09000015,Harrow,650,1307,1200,1300,1375,
2018_April,E09000016,Havering,280,1106,1000,1100,1200,
2018_April,E09000017,Hillingdon,390,1256,1175,1250,1350,
2018_April,E09000018,Hounslow,800,1330,1175,1250,1400,
2018_April,E09000019,Islington,960,2050,1677,1950,2340,
2018_April,E09000020,Kensington and Chelsea,470,3101,2340,2817,3575,
2018_April,E09000021,Kingston upon Thames,210,1370,1225,1325,1452,
2018_April,E09000022,Lambeth,1030,1636,1400,1600,1750,
2018_April,E09000023,Lewisham,830,1379,1200,1400,1525,
2018_April,E09000024,Merton,550,1487,1300,1450,1650,
2018_April,E09000025,Newham,640,1458,1300,1400,1600,
2018_April,E09000026,Redbridge,510,1244,1150,1250,1350,
2018_April,E09000027,Richmond upon Thames,540,1704,1404,1595,1850,
2018_April,E09000028,Southwark,1170,1745,1473,1600,1907,
2018_April,E09000029,Sutton,350,1161,1100,1160,1225,
2018_April,E09000030,Tower Hamlets,1080,1869,1575,1733,2000,
2018_April,E09000031,Waltham Forest,640,1325,1200,1300,1400,
2018_April,E09000032,Wandsworth,1660,1746,1500,1672,1900,
2018_April,E09000033,Westminster,1210,2770,2080,2492,3077,
2018_April,E12000007,LONDON,22170,1666,1300,1500,1842,
2018_April,E13000001,Inner London,11890,1935,1500,1733,2167,
2018_April,E13000002,Outer London,10290,1356,1200,1300,1475,
2018_Oct,E09000001,City of London,30,2852,2383,2578,2925,
2018_Oct,E09000002,Barking and Dagenham,320,1185,1100,1200,1300,
2018_Oct,E09000003,Barnet,1190,1439,1295,1400,1500,
2018_Oct,E09000004,Bexley,310,1076,995,1050,1200,
2018_Oct,E09000005,Brent,710,1514,1350,1499,1630,
2018_Oct,E09000006,Bromley,950,1237,1100,1250,1350,
2018_Oct,E09000007,Camden,1550,2243,1842,2123,2492,
2018_Oct,E09000008,Croydon,690,1195,1100,1200,1275,
2018_Oct,E09000009,Ealing,780,1477,1300,1431,1575,
2018_Oct,E09000010,Enfield,350,1336,1250,1300,1400,
2018_Oct,E09000011,Greenwich,500,1415,1200,1350,1625,
2018_Oct,E09000012,Hackney,520,1883,1549,1777,2100,
2018_Oct,E09000013,Hammersmith and Fulham,760,1940,1603,1798,2100,
2018_Oct,E09000014,Haringey,610,1609,1400,1525,1712,
2018_Oct,E09000015,Harrow,670,1320,1225,1300,1400,
2018_Oct,E09000016,Havering,330,1102,1000,1100,1200,
2018_Oct,E09000017,Hillingdon,580,1277,1195,1250,1350,
2018_Oct,E09000018,Hounslow,660,1421,1200,1338,1600,
2018_Oct,E09000019,Islington,960,2024,1650,1950,2297,
2018_Oct,E09000020,Kensington and Chelsea,790,3209,2383,2925,3683,
2018_Oct,E09000021,Kingston upon Thames,230,1384,1250,1350,1452,
2018_Oct,E09000022,Lambeth,770,1711,1450,1650,1800,
2018_Oct,E09000023,Lewisham,770,1365,1200,1325,1500,
2018_Oct,E09000024,Merton,570,1495,1300,1450,1600,
2018_Oct,E09000025,Newham,770,1464,1300,1439,1600,
2018_Oct,E09000026,Redbridge,650,1273,1160,1270,1350,
2018_Oct,E09000027,Richmond upon Thames,790,1650,1396,1575,1800,
2018_Oct,E09000028,Southwark,1170,1741,1420,1600,1907,
2018_Oct,E09000029,Sutton,430,1166,1100,1150,1225,
2018_Oct,E09000030,Tower Hamlets,1090,1853,1562,1733,1950,
2018_Oct,E09000031,Waltham Forest,620,1336,1230,1300,1400,
2018_Oct,E09000032,Wandsworth,1700,1760,1500,1700,1930,
2018_Oct,E09000033,Westminster,1210,2845,2058,2546,3250,
2018_Oct,E12000007,LONDON,24020,1700,1300,1500,1850,
2018_Oct,E13000001,Inner London,12690,2005,1517,1777,2249,
2018_Oct,E13000002,Outer London,11330,1358,1200,1300,1470,
2019_April,E09000001,City of London,20,2791,2253,2708,2817,
2019_April,E09000002,Barking and Dagenham,360,1189,1100,1200,1300,
2019_April,E09000003,Barnet,920,1423,1275,1387,1500,
2019_April,E09000004,Bexley,340,1089,1000,1100,1200,
2019_April,E09000005,Brent,570,1463,1300,1430,1560,
2019_April,E09000006,Bromley,1120,1219,1100,1200,1310,
2019_April,E09000007,Camden,870,2272,1842,2145,2535,
2019_April,E09000008,Croydon,850,1203,1100,1200,1295,
2019_April,E09000009,Ealing,500,1437,1300,1430,1550,
2019_April,E09000010,Enfield,400,1323,1200,1300,1400,
2019_April,E09000011,Greenwich,650,1432,1200,1350,1650,
2019_April,E09000012,Hackney,470,1834,1500,1733,2080,
2019_April,E09000013,Hammersmith and Fulham,400,2004,1600,1800,2153,
2019_April,E09000014,Haringey,550,1603,1400,1517,1700,
2019_April,E09000015,Harrow,390,1318,1225,1300,1400,
2019_April,E09000016,Havering,270,1112,1000,1100,1200,
2019_April,E09000017,Hillingdon,480,1264,1150,1250,1350,
2019_April,E09000018,Hounslow,580,1404,1200,1313,1550,
2019_April,E09000019,Islington,460,2035,1650,1947,2383,
2019_April,E09000020,Kensington and Chelsea,900,3232,2383,2817,3467,
2019_April,E09000021,Kingston upon Thames,320,1354,1248,1300,1450,
2019_April,E09000022,Lambeth,660,1699,1400,1650,1850,
2019_April,E09000023,Lewisham,850,1330,1200,1300,1450,
2019_April,E09000024,Merton,390,1476,1300,1408,1600,
2019_April,E09000025,Newham,690,1458,1300,1400,1600,
2019_April,E09000026,Redbridge,660,1283,1175,1265,1375,
2019_April,E09000027,Richmond upon Thames,870,1648,1399,1595,1800,
2019_April,E09000028,Southwark,1140,1705,1400,1600,1863,
2019_April,E09000029,Sutton,340,1194,1100,1200,1250,
2019_April,E09000030,Tower Hamlets,770,1905,1600,1750,2054,
2019_April,E09000031,Waltham Forest,670,1302,1200,1300,1400,
2019_April,E09000032,Wandsworth,1370,1782,1549,1725,1950,
2019_April,E09000033,Westminster,900,2963,2145,2600,3445,
2019_April,E12000007,LONDON,20720,1665,1250,1450,1800,
2019_April,E13000001,Inner London,10060,2010,1500,1750,2253,
2019_April,E13000002,Outer London,10660,1340,1175,1300,1450,
2019_Oct,E09000001,City of London,10,2346,2058,2253,2708,
2019_Oct,E09000002,Barking and Dagenham,370,1196,1125,1200,1300,
2019_Oct,E09000003,Barnet,720,1421,1300,1400,1500,
2019_Oct,E09000004,Bexley,370,1097,1000,1100,1200,
2019_Oct,E09000005,Brent,470,1430,1300,1400,1550,
2019_Oct,E09000006,Bromley,960,1228,1100,1215,1350,
2019_Oct,E09000007,Camden,220,2346,1900,2310,2817,
2019_Oct,E09000008,Croydon,780,1208,1100,1200,1289,
2019_Oct,E09000009,Ealing,670,1509,1350,1495,1616,
2019_Oct,E09000010,Enfield,230,1304,1200,1300,1400,
2019_Oct,E09000011,Greenwich,730,1458,1219,1400,1650,
2019_Oct,E09000012,Hackney,570,1822,1560,1738,2075,
2019_Oct,E09000013,Hammersmith and Fulham,460,1925,1625,1820,2119,
2019_Oct,E09000014,Haringey,330,1614,1400,1550,1750,
2019_Oct,E09000015,Harrow,120,1298,1200,1300,1375,
2019_Oct,E09000016,Havering,290,1108,1000,1100,1200,
2019_Oct,E09000017,Hillingdon,380,1230,1130,1228,1350,
2019_Oct,E09000018,Hounslow,570,1347,1200,1285,1400,
2019_Oct,E09000019,Islington,240,2093,1733,1950,2427,
2019_Oct,E09000020,Kensington and Chelsea,770,3185,2340,2817,3467,
2019_Oct,E09000021,Kingston upon Thames,530,1373,1250,1350,1495,
2019_Oct,E09000022,Lambeth,740,1864,1500,1707,2100,
2019_Oct,E09000023,Lewisham,880,1355,1200,1350,1500,
2019_Oct,E09000024,Merton,530,1538,1350,1500,1650,
2019_Oct,E09000025,Newham,640,1493,1300,1425,1650,
2019_Oct,E09000026,Redbridge,590,1281,1188,1258,1375,
2019_Oct,E09000027,Richmond upon Thames,600,1664,1400,1600,1850,
2019_Oct,E09000028,Southwark,760,1753,1495,1650,1907,
2019_Oct,E09000029,Sutton,470,1187,1100,1180,1250,
2019_Oct,E09000030,Tower Hamlets,720,1982,1647,1842,2200,
2019_Oct,E09000031,Waltham Forest,700,1352,1225,1325,1450,
2019_Oct,E09000032,Wandsworth,910,1798,1550,1733,1993,
2019_Oct,E09000033,Westminster,610,3053,2275,2752,3467,
2019_Oct,E12000007,LONDON,17940,1632,1250,1450,1773,
2019_Oct,E13000001,Inner London,7840,2003,1500,1750,2253,
2019_Oct,E13000002,Outer London,10090,1345,1195,1300,1452,
2020_April,E09000001,City of London,-,..,..,..,..,
2020_April,E09000002,Barking and Dagenham,280,1208,1125,1200,1300,
2020_April,E09000003,Barnet,810,1410,1300,1400,1500,
2020_April,E09000004,Bexley,330,1105,995,1100,1200,
2020_April,E09000005,Brent,360,1447,1300,1430,1550,
2020_April,E09000006,Bromley,740,1256,1150,1250,1350,
2020_April,E09000007,Camden,240,2254,1733,2150,2694,
2020_April,E09000008,Croydon,700,1215,1100,1200,1300,
2020_April,E09000009,Ealing,870,1531,1350,1495,1650,
2020_April,E09000010,Enfield,210,1301,1200,1300,1395,
2020_April,E09000011,Greenwich,540,1477,1250,1400,1650,
2020_April,E09000012,Hackney,610,1814,1550,1750,2050,
2020_April,E09000013,Hammersmith and Fulham,650,1922,1603,1842,2148,
2020_April,E09000014,Haringey,230,1601,1400,1517,1740,
2020_April,E09000015,Harrow,200,1345,1250,1350,1450,
2020_April,E09000016,Havering,260,1120,1000,1100,1200,
2020_April,E09000017,Hillingdon,520,1277,1195,1275,1400,
2020_April,E09000018,Hounslow,520,1387,1200,1300,1500,
2020_April,E09000019,Islington,180,1934,1650,1842,2100,
2020_April,E09000020,Kensington and Chelsea,670,3030,2275,2708,3358,
2020_April,E09000021,Kingston upon Thames,350,1359,1225,1333,1450,
2020_April,E09000022,Lambeth,610,1893,1500,1700,2297,
2020_April,E09000023,Lewisham,710,1372,1250,1350,1500,
2020_April,E09000024,Merton,520,1532,1350,1500,1650,
2020_April,E09000025,Newham,600,1513,1339,1450,1704,
2020_April,E09000026,Redbridge,490,1293,1200,1275,1400,
2020_April,E09000027,Richmond upon Thames,810,1692,1450,1600,1850,
2020_April,E09000028,Southwark,470,1753,1500,1668,1875,
2020_April,E09000029,Sutton,640,1163,1075,1150,1250,
2020_April,E09000030,Tower Hamlets,590,1933,1625,1778,2080,
2020_April,E09000031,Waltham Forest,560,1364,1250,1328,1450,
2020_April,E09000032,Wandsworth,710,1792,1550,1750,1995,
2020_April,E09000033,Westminster,500,2920,2210,2708,3293,
2020_April,E12000007,LONDON,16480,1617,1250,1450,1750,
2020_April,E13000001,Inner London,6760,1976,1500,1750,2210,
2020_April,E13000002,Outer London,9710,1367,1200,1300,1500,
2020_Oct,E09000001,City of London,10,2177,2050,2210,2329,
2020_Oct,E09000002,Barking and Dagenham,280,1225,1150,1200,1300,
2020_Oct,E09000003,Barnet,730,1406,1300,1400,1525,
2020_Oct,E09000004,Bexley,300,1159,1060,1150,1250,
2020_Oct,E09000005,Brent,430,1430,1300,1400,1547,
2020_Oct,E09000006,Bromley,790,1269,1150,1250,1350,
2020_Oct,E09000007,Camden,190,2106,1600,1950,2396,
2020_Oct,E09000008,Croydon,600,1237,1150,1200,1325,
2020_Oct,E09000009,Ealing,860,1559,1383,1500,1700,
2020_Oct,E09000010,Enfield,370,1316,1200,1300,1400,
2020_Oct,E09000011,Greenwich,760,1457,1225,1400,1603,
2020_Oct,E09000012,Hackney,510,1768,1500,1650,1993,
2020_Oct,E09000013,Hammersmith and Fulham,880,1928,1603,1800,2150,
2020_Oct,E09000014,Haringey,230,1494,1350,1460,1600,
2020_Oct,E09000015,Harrow,570,1352,1250,1325,1400,
2020_Oct,E09000016,Havering,360,1139,1050,1150,1250,
2020_Oct,E09000017,Hillingdon,530,1301,1200,1300,1415,
2020_Oct,E09000018,Hounslow,760,1351,1200,1300,1400,
2020_Oct,E09000019,Islington,200,1911,1550,1880,2167,
2020_Oct,E09000020,Kensington and Chelsea,910,2889,2167,2687,3293,
2020_Oct,E09000021,Kingston upon Thames,540,1373,1250,1350,1450,
2020_Oct,E09000022,Lambeth,560,1701,1400,1635,1950,
2020_Oct,E09000023,Lewisham,600,1362,1215,1350,1500,
2020_Oct,E09000024,Merton,370,1472,1300,1431,1600,
2020_Oct,E09000025,Newham,890,1596,1400,1600,1790,
2020_Oct,E09000026,Redbridge,530,1289,1200,1275,1400,
2020_Oct,E09000027,Richmond upon Thames,470,1675,1450,1600,1850,
2020_Oct,E09000028,Southwark,760,1741,1450,1650,1995,
2020_Oct,E09000029,Sutton,500,1161,1075,1150,1250,
2020_Oct,E09000030,Tower Hamlets,590,1777,1525,1695,1925,
2020_Oct,E09000031,Waltham Forest,530,1320,1200,1300,1400,
2020_Oct,E09000032,Wandsworth,880,1812,1550,1750,2000,
2020_Oct,E09000033,Westminster,570,2731,2167,2500,3142,
2020_Oct,E12000007,LONDON,18040,1608,1250,1450,1750,
2020_Oct,E13000001,Inner London,7770,1939,1500,1750,2167,
2020_Oct,E13000002,Outer London,10270,1357,1200,1300,1475,
2021_April,E09000001,City of London,30,2164,1950,2210,2450,
2021_April,E09000002,Barking and Dagenham,410,1211,1150,1200,1300,
2021_April,E09000003,Barnet,1110,1406,1300,1400,1500,
2021_April,E09000004,Bexley,360,1166,1075,1150,1250,
2021_April,E09000005,Brent,580,1426,1300,1400,1517,
2021_April,E09000006,Bromley,990,1300,1175,1300,1400,
2021_April,E09000007,Camden,260,2142,1635,2000,2500,
2021_April,E09000008,Croydon,650,1249,1150,1250,1350,
2021_April,E09000009,Ealing,780,1512,1350,1495,1603,
2021_April,E09000010,Enfield,410,1329,1243,1300,1400,
2021_April,E09000011,Greenwich,970,1452,1250,1400,1600,
2021_April,E09000012,Hackney,520,1748,1500,1650,1935,
2021_April,E09000013,Hammersmith and Fulham,870,1906,1600,1751,2130,
2021_April,E09000014,Haringey,550,1521,1350,1475,1650,
2021_April,E09000015,Harrow,780,1328,1250,1300,1400,
2021_April,E09000016,Havering,510,1151,1050,1150,1250,
2021_April,E09000017,Hillingdon,470,1271,1200,1275,1350,
2021_April,E09000018,Hounslow,800,1353,1200,1300,1400,
2021_April,E09000019,Islington,550,1873,1581,1820,2102,
2021_April,E09000020,Kensington and Chelsea,800,2746,2145,2555,3142,
2021_April,E09000021,Kingston upon Thames,580,1390,1250,1350,1500,
2021_April,E09000022,Lambeth,910,1664,1400,1600,1850,
2021_April,E09000023,Lewisham,890,1390,1250,1350,1500,
2021_April,E09000024,Merton,610,1518,1350,1450,1625,
2021_April,E09000025,Newham,940,1580,1375,1583,1775,
2021_April,E09000026,Redbridge,600,1282,1175,1250,1375,
2021_April,E09000027,Richmond upon Thames,680,1664,1440,1600,1800,
2021_April,E09000028,Southwark,980,1729,1440,1630,1995,
2021_April,E09000029,Sutton,570,1171,1085,1160,1250,
2021_April,E09000030,Tower Hamlets,810,1717,1500,1650,1865,
2021_April,E09000031,Waltham Forest,660,1377,1225,1350,1500,
2021_April,E09000032,Wandsworth,1400,1789,1500,1725,1995,
2021_April,E09000033,Westminster,590,2666,2123,2470,3081,
2021_April,E12000007,LONDON,22620,1578,1265,1450,1733,
2021_April,E13000001,Inner London,10100,1847,1450,1700,2055,
2021_April,E13000002,Outer London,12520,1362,1200,1300,1475,
2021_Oct,E09000001,City of London,50,2229,1975,2297,2500,
2021_Oct,E09000002,Barking and Dagenham,520,1286,1195,1250,1440,
2021_Oct,E09000003,Barnet,1350,1413,1300,1400,1517,
2021_Oct,E09000004,Bexley,380,1182,1100,1200,1275,
2021_Oct,E09000005,Brent,600,1440,1300,1400,1550,
2021_Oct,E09000006,Bromley,1050,1323,1200,1300,1400,
2021_Oct,E09000007,Camden,420,2184,1690,2050,2587,
2021_Oct,E09000008,Croydon,940,1248,1150,1250,1350,
2021_Oct,E09000009,Ealing,800,1530,1350,1475,1625,
2021_Oct,E09000010,Enfield,370,1349,1250,1328,1450,
2021_Oct,E09000011,Greenwich,640,1445,1250,1400,1600,
2021_Oct,E09000012,Hackney,520,1751,1475,1650,1950,
2021_Oct,E09000013,Hammersmith and Fulham,830,1959,1600,1820,2201,
2021_Oct,E09000014,Haringey,680,1580,1350,1500,1733,
2021_Oct,E09000015,Harrow,660,1339,1250,1300,1400,
2021_Oct,E09000016,Havering,480,1169,1075,1150,1250,
2021_Oct,E09000017,Hillingdon,490,1246,1155,1250,1350,
2021_Oct,E09000018,Hounslow,660,1442,1250,1350,1587,
2021_Oct,E09000019,Islington,760,1933,1600,1850,2192,
2021_Oct,E09000020,Kensington and Chelsea,970,2770,2102,2535,3142,
2021_Oct,E09000021,Kingston upon Thames,360,1406,1250,1350,1525,
2021_Oct,E09000022,Lambeth,1080,1695,1400,1647,1915,
2021_Oct,E09000023,Lewisham,870,1397,1250,1350,1500,
2021_Oct,E09000024,Merton,520,1546,1350,1475,1700,
2021_Oct,E09000025,Newham,1140,1589,1400,1590,1759,
2021_Oct,E09000026,Redbridge,600,1303,1200,1300,1400,
2021_Oct,E09000027,Richmond upon Thames,1220,1708,1450,1650,1850,
2021_Oct,E09000028,Southwark,1130,1744,1450,1650,1995,
2021_Oct,E09000029,Sutton,610,1192,1095,1195,1300,
2021_Oct,E09000030,Tower Hamlets,720,1731,1500,1650,1900,
2021_Oct,E09000031,Waltham Forest,630,1382,1250,1350,1500,
2021_Oct,E09000032,Wandsworth,1460,1859,1550,1795,2100,
2021_Oct,E09000033,Westminster,380,2543,1950,2275,2936,
2021_Oct,E12000007,LONDON,23880,1608,1300,1475,1775,
2021_Oct,E13000001,Inner London,10980,1867,1475,1725,2100,
2021_Oct,E13000002,Outer London,12900,1388,1200,1350,1500,
2022_April,E09000001,City of London,30,2327,2167,2308,2557,
2022_April,E09000002,Barking and Dagenham,430,1279,1200,1275,1375,
2022_April,E09000003,Barnet,1190,1466,1325,1450,1590,
2022_April,E09000004,Bexley,410,1222,1100,1225,1300,
2022_April,E09000005,Brent,530,1451,1300,1400,1550,
2022_April,E09000006,Bromley,1150,1351,1200,1350,1450,
2022_April,E09000007,Camden,470,2226,1733,2050,2548,
2022_April,E09000008,Croydon,970,1249,1150,1250,1350,
2022_April,E09000009,Ealing,1100,1563,1395,1500,1675,
2022_April,E09000010,Enfield,440,1355,1250,1350,1450,
2022_April,E09000011,Greenwich,790,1464,1250,1400,1675,
2022_April,E09000012,Hackney,460,1844,1500,1750,2100,
2022_April,E09000013,Hammersmith and Fulham,720,2025,1625,1867,2340,
2022_April,E09000014,Haringey,540,1637,1425,1578,1770,
2022_April,E09000015,Harrow,800,1370,1250,1350,1450,
2022_April,E09000016,Havering,380,1199,1100,1200,1300,
2022_April,E09000017,Hillingdon,1070,1285,1195,1275,1375,
2022_April,E09000018,Hounslow,890,1463,1250,1375,1650,
2022_April,E09000019,Islington,540,2027,1625,1925,2281,
2022_April,E09000020,Kensington and Chelsea,1140,2922,2167,2695,3332,
2022_April,E09000021,Kingston upon Thames,440,1419,1257,1380,1550,
2022_April,E09000022,Lambeth,920,1798,1500,1742,2000,
2022_April,E09000023,Lewisham,730,1425,1250,1400,1550,
2022_April,E09000024,Merton,450,1592,1350,1500,1775,
2022_April,E09000025,Newham,1200,1578,1400,1550,1750,
2022_April,E09000026,Redbridge,640,1328,1200,1300,1400,
2022_April,E09000027,Richmond upon Thames,920,1728,1460,1650,1895,
2022_April,E09000028,Southwark,1290,1853,1500,1750,2105,
2022_April,E09000029,Sutton,460,1243,1145,1250,1350,
2022_April,E09000030,Tower Hamlets,640,1843,1575,1750,2000,
2022_April,E09000031,Waltham Forest,660,1392,1250,1400,1500,
2022_April,E09000032,Wandsworth,1090,1935,1603,1875,2200,
2022_April,E09000033,Westminster,470,2894,2200,2687,3300,
2022_April,E12000007,LONDON,23950,1655,1300,1500,1800,
2022_April,E13000001,Inner London,10230,1988,1517,1800,2249,
2022_April,E13000002,Outer London,13720,1407,1250,1350,1500,
2022_Oct,E09000001,City of London,20,2503,2210,2500,2750,
2022_Oct,E09000002,Barking and Dagenham,340,1266,1200,1250,1350,
2022_Oct,E09000003,Barnet,1020,1524,1365,1500,1650,
2022_Oct,E09000004,Bexley,290,1265,1150,1250,1400,
2022_Oct,E09000005,Brent,270,1513,1350,1450,1600,
2022_Oct,E09000006,Bromley,980,1380,1250,1350,1500,
2022_Oct,E09000007,Camden,510,2319,1850,2173,2557,
2022_Oct,E09000008,Croydon,640,1274,1168,1250,1375,
2022_Oct,E09000009,Ealing,700,1591,1400,1550,1700,
2022_Oct,E09000010,Enfield,330,1372,1295,1350,1450,
2022_Oct,E09000011,Greenwich,690,1510,1250,1450,1700,
2022_Oct,E09000012,Hackney,330,1954,1600,1850,2175,
2022_Oct,E09000013,Hammersmith and Fulham,460,2088,1650,1950,2427,
2022_Oct,E09000014,Haringey,500,1675,1470,1600,1842,
2022_Oct,E09000015,Harrow,570,1386,1275,1350,1450,
2022_Oct,E09000016,Havering,330,1238,1150,1250,1350,
2022_Oct,E09000017,Hillingdon,980,1321,1200,1300,1425,
2022_Oct,E09000018,Hounslow,550,1517,1275,1400,1650,
2022_Oct,E09000019,Islington,320,2133,1700,2043,2400,
2022_Oct,E09000020,Kensington and Chelsea,1040,3174,2400,2925,3600,
2022_Oct,E09000021,Kingston upon Thames,290,1496,1300,1450,1650,
2022_Oct,E09000022,Lambeth,560,1847,1560,1750,2000,
2022_Oct,E09000023,Lewisham,650,1457,1300,1450,1600,
2022_Oct,E09000024,Merton,350,1644,1350,1575,1850,
2022_Oct,E09000025,Newham,590,1532,1300,1450,1675,
2022_Oct,E09000026,Redbridge,580,1364,1250,1350,1450,
2022_Oct,E09000027,Richmond upon Thames,540,1753,1500,1673,1900,
2022_Oct,E09000028,Southwark,1060,1988,1600,1850,2250,
2022_Oct,E09000029,Sutton,490,1279,1150,1250,1400,
2022_Oct,E09000030,Tower Hamlets,520,1984,1675,1875,2149,
2022_Oct,E09000031,Waltham Forest,630,1449,1300,1440,1600,
2022_Oct,E09000032,Wandsworth,730,1911,1600,1800,2125,
2022_Oct,E09000033,Westminster,400,3260,2427,2925,3672,
2022_Oct,E12000007,LONDON,18230,1727,1313,1500,1857,
2022_Oct,E13000001,Inner London,7670,2131,1575,1890,2400,
2022_Oct,E13000002,Outer London,10560,1433,1250,1400,1550,
