Region code,Region name ,La_code,La_name,1997,1998,1999,2000,2001,2002,2003,2004,2005,2006,2007,2008,2009,2010,2011,2012,2013,2014,2015,2016,2017,2018,2019,2020,2021,2022
E12000001,North East,E06000001,Hartlepool,2.25,2.65,2.4,2.62,2.23,2.38,2.32,2.41,2.81,3.88,5.02,5.02,4.68,4.68,4.27,3.79,4.15,3.98,4.02,3.43,3.88,4.19,4.37,4.19,4.03,3.8
E12000001,North East,E06000002,Middlesbrough,2.5,2.37,2.45,2.26,1.86,1.94,1.85,2.79,3.71,4.48,5.1,4.71,4.55,4.31,4.05,3.93,3.91,4.23,4.47,4.39,4.18,4.35,4.09,4.22,4.06,3.7
E12000001,North East,E06000003,Redcar and Cleveland,2.54,2.8,2.36,2.38,2.6,2.56,2.98,3.63,4.05,5.37,5.86,4.89,4.43,5.09,4.54,4.86,4.75,5.29,5.46,5.51,5.09,5.1,4.76,4.9,5.29,5.17
E12000001,North East,E06000004,Stockton-on-Tees,3.07,3.26,3.18,2.98,2.8,3.22,3.46,4.31,4.78,5.93,6.23,6.32,5.59,5.56,4.94,5.23,5.09,5.35,5.44,5.16,5.47,5.48,5.03,4.91,5.27,4.72
E12000001,North East,E06000005,Darlington,3.14,3.17,2.77,2.97,2.97,2.86,3.46,4.77,5.43,5.85,5.53,5.53,5.1,5.39,4.6,4.5,5.39,4.62,4.61,4.32,5.06,4.69,4.71,5.25,5.34,4.51
E12000001,North East,E06000047,County Durham,:,:,:,:,:,:,2.71,3.64,4.61,5.33,5.34,5.28,4.58,4.6,4.4,4.02,3.71,3.86,3.7,3.83,3.75,3.69,3.78,3.62,4,3.66
E12000001,North East,E06000057,Northumberland,:,:,:,:,:,:,3.77,5.05,5.52,6.09,6.33,6.27,5.55,5.85,5.44,5.24,5.45,5.62,5.81,5.83,5.68,5.55,5.68,5.75,5.95,5.01
E12000001,North East,E08000021,Newcastle upon Tyne,3.09,3.08,3.14,2.82,2.93,3.31,4.26,5.3,5.43,6.33,6.95,6.24,5.18,5.58,5.61,5.32,5.54,5.48,5.53,5.78,5.51,5.79,5.75,5.35,5.81,5.36
E12000001,North East,E08000022,North Tyneside,3.21,3.28,3.12,3.05,2.87,3,3.88,5.25,6.1,6.66,6.76,6.08,5.63,5.38,5.15,5.12,5.11,5.6,5.67,5.72,5.81,5.79,5.33,5.44,5.84,5.67
E12000001,North East,E08000023,South Tyneside,2.79,2.58,2.55,2.57,2.47,2.7,3.15,4.82,5.3,5.62,5.83,5.53,5.17,5.27,4.47,4.66,4.67,4.76,4.88,4.83,4.93,4.98,5.13,4.86,5.64,4.84
E12000001,North East,E08000024,Sunderland,2.78,2.7,2.66,2.54,2.56,2.68,3.31,4.24,4.88,5.2,5.29,5.13,4.6,4.61,4.28,4,4.14,4.16,4.37,4.28,4.16,4.21,4.19,3.94,4.62,4.31
E12000001,North East,E08000037,Gateshead,:,:,2.56,2.5,2.65,3,3.52,4.9,5,5.51,5.66,5.49,5.34,5.05,4.64,4.39,4.8,4.75,4.91,5,4.94,5.17,5.09,4.87,5.15,4.64
E12000002,North West,E06000006,Halton,2.9,2.5,2.55,2.59,2.41,2.63,3.33,4.08,4.75,5.09,5.06,5.14,4.54,4.44,4.38,4.27,4.25,4.31,4.76,4.62,4.52,4.25,4.58,4.44,5.21,4.63
E12000002,North West,E06000007,Warrington,3.25,3.35,3.45,3.31,3.29,3.98,4.73,6.58,6.22,7.94,6.66,6.23,5.6,5.92,5.89,5.9,5.88,5.71,5.93,6.13,6.15,5.88,6.33,6.25,6.97,6.48
E12000002,North West,E06000008,Blackburn with Darwen,2.04,2.09,2.17,2.16,1.79,2.18,2.27,2.79,3.68,4.39,4.91,4.41,3.95,4.23,4.3,4.11,4.04,4.19,4.24,4.02,4.2,4.31,4.1,4.36,4.26,4.38
E12000002,North West,E06000009,Blackpool,3.22,3.36,3.24,3.29,3.26,3.32,3.85,5.47,5.72,6.6,6.8,6.48,5.39,5.67,4.93,4.75,4.56,5,5.17,4.98,4.81,4.87,4.43,4.69,4.64,4.7
E12000002,North West,E06000049,Cheshire East,:,:,:,:,:,:,5.45,6.39,6.91,7.42,7.44,7.06,6.78,7.31,6.79,6.85,6.67,6.86,6.84,7.13,7.18,7.38,7.34,7.33,8.3,7.35
E12000002,North West,E06000050,Cheshire West and Chester,:,:,:,:,:,:,5.16,6.23,6.65,7.39,7.67,7.42,6.79,6.87,6.81,6.61,6.59,6.9,7.27,7.13,7.08,6.93,7.25,7.09,7.39,6.78
E12000002,North West,E07000026,Allerdale,2.93,3.12,3.23,3.25,2.89,3.18,3.38,4.41,5.66,5.93,6.22,6.38,5.55,5.7,5.69,5.5,5.43,5.55,5.88,4.95,5.53,6.17,5.95,5.2,5.61,4.84
E12000002,North West,E07000027,Barrow-in-Furness,2.23,1.9,1.95,2.12,2.08,2.25,2.12,2.62,3.67,4.16,4.43,4.92,3.56,3.75,3.64,3.48,3.09,3.29,3.94,4.12,4.11,3.17,3.25,3.52,3.67,4.07
E12000002,North West,E07000028,Carlisle,3.22,3.1,3.21,3.04,2.76,2.82,3.5,4.89,5.45,5.73,6.07,5.93,5.12,5.26,5.04,4.8,4.65,4.77,5.03,4.97,4.99,5.14,4.83,4.51,5.16,4.64
E12000002,North West,E07000029,Copeland,1.85,1.83,1.63,1.61,1.6,1.59,1.57,2.05,3,3.74,3.6,3.74,3.05,2.98,2.69,2.42,2.47,2.44,2.18,2.63,2.3,2.54,2.87,2.35,2.47,3.19
E12000002,North West,E07000030,Eden,4.35,5.14,4.83,4.69,4.89,5.66,6.55,8.83,8.02,8.66,9.55,8.51,9.78,9.6,8.34,8.28,6.6,8.61,8.21,8.25,7.21,7.71,7.02,6.92,8.13,7
E12000002,North West,E07000031,South Lakeland,4.51,4.55,4.73,4.24,4.64,5.09,5.99,8.3,9.22,9.49,9.42,9.37,8.86,9.26,9.45,9.39,8.64,8.68,8.99,8.8,9.09,8.56,8.69,9.06,9.46,8.73
E12000002,North West,E07000117,Burnley,1.72,2.08,2,1.75,1.4,0.94,1.5,1.41,2.04,2.73,3.57,3.69,3.34,3.13,2.78,2.72,2.43,2.67,2.8,2.88,3.22,3.19,3.06,3.32,3.91,3.73
E12000002,North West,E07000118,Chorley,3.51,3.48,3.79,3.64,3.5,3.41,4.29,5.91,6.8,6.33,6.38,5.72,5.82,6.16,6.53,6,6.12,6.5,6.82,6.71,6.85,6.38,6.94,6.13,7.24,6.08
E12000002,North West,E07000119,Fylde,3.52,3.53,3.53,3.34,3.57,3.77,4.14,5.57,6.49,7.12,6.89,6.11,5.26,5.92,5.85,7.21,6.32,5.58,5.58,6.62,6.85,6.7,6.26,6.89,7.32,6.3
E12000002,North West,E07000120,Hyndburn,2.04,1.84,2.28,1.95,2.09,1.94,2.04,3,3.36,4.68,5.38,4.87,4.18,4.06,4.07,4.15,3.79,3.74,4.03,3.87,3.55,3.79,3.63,3.11,4,3.78
E12000002,North West,E07000121,Lancaster,3.2,3.06,2.95,2.9,2.98,3.09,4.15,5.14,5.83,6.52,6.37,6.28,5.62,6.15,5.49,5.66,5.49,5.98,6.11,5.74,5.75,5.88,5.94,5.22,6.07,5.82
E12000002,North West,E07000122,Pendle,1.7,1.68,1.85,1.9,1.64,1.65,1.69,1.87,2.36,3.51,4.09,3.86,3.74,3.56,3.51,3.33,3.26,3.54,3.27,3.31,3.32,3.11,3.48,3.91,4.52,4.34
E12000002,North West,E07000123,Preston,2.97,2.85,2.89,2.72,2.76,2.93,3.3,4.28,5.36,5.79,6.05,5.91,5.19,4.81,4.72,5.02,4.7,4.84,4.88,4.7,4.65,4.8,4.83,4.82,5.34,4.91
E12000002,North West,E07000124,Ribble Valley,3.19,4.14,4.45,4.01,4.03,4.44,5.75,7.39,7.44,8.47,8.46,8,7.51,7.4,6.57,6.88,7.38,7.35,7.15,7.04,7.56,7.83,7.77,6.66,7.74,7.4
E12000002,North West,E07000125,Rossendale,2.59,2.74,2.92,2.79,2.75,2.63,3.12,4.36,4.9,5.54,5.83,6.07,5.09,5.5,4.78,4.48,4.62,4.68,4.95,5.06,5.35,5.27,4.7,4.57,5.9,5.77
E12000002,North West,E07000126,South Ribble,3.37,3.37,3.5,3,3.54,3.46,4.58,5.97,6.58,6.76,7.25,6.93,6.74,6.62,6.32,6.08,5.95,6.72,6.27,6.28,6.5,6.59,6.16,5.96,6.51,6.33
E12000002,North West,E07000127,West Lancashire,3.87,4,4,3.99,4.11,4.6,4.98,5.84,6.81,6.39,6.63,6.48,6.5,7.12,6.45,6.6,7.11,6.87,6.42,6.58,6.45,6.39,6.76,6.39,7.55,6.03
E12000002,North West,E07000128,Wyre,4.05,4.09,3.99,4.04,3.86,4.42,5.14,6.32,7.43,7.9,7.96,6.99,6.91,7.37,7,6.17,6.35,6.65,6.47,6.81,6.91,6.78,6.39,6.63,7.03,5.88
E12000002,North West,E08000001,Bolton,2.73,2.64,2.59,2.49,2.52,2.57,2.97,4.01,4.91,5.51,5.63,5.93,4.94,4.83,4.62,4.35,4.45,4.61,4.62,4.57,4.86,4.85,5.16,5.11,5.91,5.89
E12000002,North West,E08000002,Bury,3.16,3.07,3.02,2.88,3.05,3.27,4.11,5.12,6.29,6.15,6.56,6.13,5.46,5.5,4.89,5.22,5.05,5.7,5.94,5.98,6.33,6.11,6.47,6.36,7.84,7.07
E12000002,North West,E08000003,Manchester,1.97,2.07,1.95,1.8,1.89,2.2,2.4,3.27,4.08,5.34,5.5,5.28,4.56,4.78,4.52,4.49,4.51,4.68,5.15,5.29,5.57,5.78,6.04,6.34,7.19,6.93
E12000002,North West,E08000004,Oldham,2.66,2.71,2.65,2.4,2.38,2.72,2.78,3.3,4.44,5.23,5.95,6.03,5.25,5,4.81,4.65,4.76,5.1,4.92,5,5.23,5.1,5.08,4.78,5.88,5.92
E12000002,North West,E08000005,Rochdale,2.61,2.54,2.56,2.57,2.55,2.68,3.06,3.92,5.1,5.57,5.83,5.78,4.85,5.04,4.47,4.29,4.53,5.04,4.87,4.98,5.04,4.83,5.12,5.21,5.84,5.91
E12000002,North West,E08000006,Salford,2.47,2.56,2.54,2.45,2.35,2.36,3.04,4.01,5.02,5.39,5.78,5.9,4.97,4.91,4.47,4.41,4.42,4.45,4.63,5.31,5.82,5.92,6.1,5.83,7.21,6.77
E12000002,North West,E08000007,Stockport,3.65,3.53,3.54,3.73,4.09,4.41,5.06,6.01,6.69,6.94,7.23,7.03,6.46,6.67,6.2,5.93,6.09,6.56,6.69,6.89,7.28,8.01,7.74,8.05,9.07,8.94
E12000002,North West,E08000008,Tameside,2.92,2.95,2.76,2.83,2.82,3.02,3.51,4.46,5.25,5.99,6.22,6.02,5.45,5.51,5.29,4.76,5.03,5.25,5.26,5.56,5.74,6.1,5.98,6.47,6.92,6.92
E12000002,North West,E08000009,Trafford,4.06,3.94,3.9,4.52,4.89,5.42,6.02,7.51,7.97,7.85,8.29,7.32,6.62,7,7.4,6.8,7.58,7.53,8.29,8.38,8.95,9.28,9.15,9,10.48,10.24
E12000002,North West,E08000010,Wigan,2.96,2.94,2.8,2.68,2.63,2.81,3.43,4.42,5.23,5.57,5.56,5.61,4.97,4.77,4.44,4.74,4.52,4.97,4.73,4.8,5.41,5.15,5.4,5.48,5.82,5.7
E12000002,North West,E08000011,Knowsley,2.7,2.76,2.87,2.94,2.85,2.92,2.9,4.32,5.2,5.82,5.34,5.32,4.63,4.25,4.69,4.33,4.17,4.11,4.91,4.36,4.55,4.43,4.98,4.48,5.43,5.55
E12000002,North West,E08000012,Liverpool,2.37,2.15,2.28,2.21,2.4,2.31,2.33,3.41,4.26,4.94,5.29,4.88,4.28,4.22,4,3.76,3.82,3.79,3.86,3.75,3.84,4.2,3.86,3.74,4.84,4.57
E12000002,North West,E08000013,St. Helens,2.8,2.79,2.67,2.71,2.76,2.68,3.08,4.62,5.1,5.89,5.97,5.31,4.56,4.59,4.59,4.41,4.48,4.97,5.08,5.08,5.35,5.11,4.98,5.66,4.91,5.22
E12000002,North West,E08000014,Sefton,3.8,3.7,3.88,3.86,3.85,4.1,4.77,5.75,6.06,7.28,7.31,7.04,7.14,6.69,6.56,5.94,5.71,6.34,6.11,6.5,6.55,6.73,6.6,6.53,7.04,6.29
E12000002,North West,E08000015,Wirral,2.92,2.98,3.03,3.03,3.07,3.26,3.92,5.17,5.59,6.21,6.77,6.74,5.96,6.13,5.76,5.88,5.57,5.7,5.51,5.81,5.97,6.28,6.33,6.04,7,6.07
E12000003,Yorkshire and The Humber,E06000010,"Kingston upon Hull, City of",2.21,2.21,2.26,2.13,1.93,2.06,2.23,2.53,3.03,3.75,4.28,4.09,3.7,4.28,4.09,3.76,3.83,4.18,4.28,4.38,4.69,4.5,4.45,4.33,4.5,4.39
E12000003,Yorkshire and The Humber,E06000011,East Riding of Yorkshire,3.57,3.56,3.56,3.3,3.43,3.69,4.84,6.06,6.27,6.97,6.61,7.33,6.33,6.31,6.36,6.13,6,6.56,6.73,6.71,6.8,6.62,6.69,6.6,7.37,6.6
E12000003,Yorkshire and The Humber,E06000012,North East Lincolnshire,2.79,2.47,2.37,2.44,2.55,2.6,2.71,3.75,4.14,4.61,5.15,4.91,4.18,4.99,4.29,4.15,4.32,4.87,4.8,4.64,5.24,4.92,4.73,4.99,5.73,4.67
E12000003,Yorkshire and The Humber,E06000013,North Lincolnshire,2.81,2.54,2.66,2.62,2.63,2.6,3.23,4.34,4.71,5.81,5.92,5.89,5.32,4.84,4.77,4.59,4.36,4.49,4.89,5.11,5.2,5.53,5.27,5.23,5.85,5.48
E12000003,Yorkshire and The Humber,E06000014,York,4.02,3.9,4.01,4.15,4.64,5.63,6.44,7.36,7.89,7.76,8.12,8.51,7.33,7.75,7.48,7.74,7.86,8.19,8.74,8.97,9.06,9.37,8.84,9.13,9.86,9.9
E12000003,Yorkshire and The Humber,E07000163,Craven,4.95,4.32,4.62,4.15,4.38,4.84,5.93,6.23,7.89,9.24,9.01,7.85,7.95,8.62,8.61,8.04,7.36,7.57,8.33,7.83,9,7.39,7.35,8.33,8.03,8.66
E12000003,Yorkshire and The Humber,E07000164,Hambleton,4.93,5.02,5.09,5.04,5.58,6.43,7.05,9.03,9.63,9.08,9.66,9.07,7.92,8.97,8.48,8.42,8.82,8.46,9.02,8.63,9.41,9.25,8.81,9.01,9.85,8.78
E12000003,Yorkshire and The Humber,E07000165,Harrogate,4.48,4.61,5.18,5.3,5.81,6.23,7.73,8.57,8.82,9.78,9.73,9.71,8.39,8.71,8.83,9.12,8.32,9.37,9.32,9.49,9.8,9.78,8.96,10.08,10.86,9.21
E12000003,Yorkshire and The Humber,E07000166,Richmondshire,4.66,5.26,4.59,5.58,4.91,5.56,6.04,7.35,9.37,8.94,8.3,10.12,8.61,9.33,9.78,7.76,7.4,7.81,8.38,7.75,7.62,7.82,7.66,7.81,8.44,7.56
E12000003,Yorkshire and The Humber,E07000167,Ryedale,5.27,4.79,4.61,4.56,5.06,5.58,6.56,9.15,10.49,9.39,10.18,9.7,7.9,7.93,8.8,8.34,8.18,8.39,8.48,9.72,9.36,8.5,8.45,8.7,8.92,9.54
E12000003,Yorkshire and The Humber,E07000168,Scarborough,4.44,3.73,3.64,3.92,4,4.36,5.15,6.57,7.48,8.21,7.33,7.29,6.7,6.18,6.38,6.42,6.49,6.25,6.16,6.38,6.09,6.83,6.31,6.41,6.65,6.41
E12000003,Yorkshire and The Humber,E07000169,Selby,3.74,3.64,3.74,3.89,3.78,4.31,5.6,6.11,7.51,7.78,8.05,6.81,6.04,6.61,6.2,6.53,6.7,6.54,6.85,7.3,7.91,7.37,7.17,7.87,7.74,7.23
E12000003,Yorkshire and The Humber,E08000016,Barnsley,2.68,2.69,2.64,2.63,2.39,2.5,2.61,4.2,4.85,5.54,5.67,5.41,4.51,4.52,4.29,4.43,4.33,4.46,4.28,4.45,4.43,4.71,4.5,4.82,5.14,5.1
E12000003,Yorkshire and The Humber,E08000017,Doncaster,2.68,2.81,2.9,2.68,2.38,2.46,2.87,4.1,4.97,5.53,5.88,4.99,4.75,4.73,4.55,4.43,4.64,4.66,5.15,5.16,5.33,4.79,4.91,4.65,5.54,5.11
E12000003,Yorkshire and The Humber,E08000018,Rotherham,2.59,2.36,2.83,2.66,2.74,2.79,3.31,4.08,4.97,5.79,5.89,5.86,4.99,4.96,4.99,5.09,5.31,5.46,5.33,5.14,5,5.2,4.96,5.03,5.56,5.22
E12000003,Yorkshire and The Humber,E08000019,Sheffield,2.98,2.92,3,2.92,2.95,3.26,4.07,5.1,5.76,6.21,6.61,6.06,5.3,5.59,5.26,4.94,5.05,5.29,5.41,5.43,5.57,5.8,5.67,5.83,6.27,5.93
E12000003,Yorkshire and The Humber,E08000032,Bradford,2.85,2.72,2.64,2.66,2.57,2.56,2.9,3.73,4.68,5.42,5.95,5.86,4.84,4.94,4.91,4.61,4.63,4.86,4.62,4.75,4.77,4.62,4.61,4.65,5.1,4.6
E12000003,Yorkshire and The Humber,E08000033,Calderdale,2.78,2.67,2.46,2.52,2.59,2.58,2.83,3.7,4.36,5.3,5.6,5.59,4.96,5.33,4.91,4.55,4.69,4.81,4.72,4.84,4.94,4.71,5.05,4.84,5.48,4.94
E12000003,Yorkshire and The Humber,E08000034,Kirklees,2.99,3.05,2.94,3.07,2.95,3.03,3.72,5.04,5.67,6.09,6.28,6.38,5.61,5.76,5.52,5.2,5.24,5.38,5.65,5.59,5.36,5.48,5.84,5.68,6.19,5.72
E12000003,Yorkshire and The Humber,E08000035,Leeds,3.33,3.36,3.3,3.29,3.36,3.7,4.49,5.43,5.82,6.33,6.75,6.34,5.33,5.72,5.56,5.47,5.28,5.69,5.77,5.8,5.99,6.24,6.26,6.26,6.96,7.23
E12000003,Yorkshire and The Humber,E08000036,Wakefield,3.04,2.92,3.09,2.89,3.04,3.12,4.07,5.07,5.37,5.9,6.38,6.15,5.4,5.47,4.86,4.61,4.79,5.16,5.32,5.32,5.67,5.49,5.55,5.47,6.1,5.65
E12000004,East Midlands,E06000015,Derby,2.63,2.37,2.42,2.42,2.46,2.77,3.25,4.48,4.65,5.06,6.26,5.23,4.25,4.15,4.07,4.08,4.45,4.47,4.54,4.95,5.19,4.87,4.67,4.57,5.48,5.52
E12000004,East Midlands,E06000016,Leicester,2.69,2.86,2.97,2.82,3.04,3.77,4.97,5.9,6.23,6.48,6.5,6.3,5.27,5.26,5.48,5.41,5.4,5.49,6.11,6.1,6.62,7.2,7.12,7.03,8.38,8.02
E12000004,East Midlands,E06000017,Rutland,4.66,5.33,5.39,4.8,5.82,7.17,7.63,9.54,9.84,9.67,9.71,9.23,8.49,9.49,9.27,8.84,9.31,8.8,8.96,9.74,10.26,9.81,9.56,10.13,10.28,9.49
E12000004,East Midlands,E06000018,Nottingham,2.71,2.71,2.63,2.59,2.56,3.06,4.17,4.81,5.17,5.33,5.13,4.85,4.16,4.18,3.98,3.97,3.93,4.36,4.38,4.67,5.23,5.31,5.32,5.32,6.26,6.02
E12000004,East Midlands,E07000032,Amber Valley,2.86,3.01,3.18,2.99,3.24,3.68,4.34,5.45,5.77,6.39,6.43,6.05,5.45,6.03,5.6,5.11,5.18,5.87,5.9,5.84,6.05,6.03,5.81,6.42,6.69,6.71
E12000004,East Midlands,E07000033,Bolsover,2.63,2.67,2.59,2.61,2.54,2.33,2.8,3.97,4.75,4.99,4.81,5,4.85,4.89,4.17,4.38,3.94,4.52,4.78,5.11,5.37,4.98,5.44,4.99,6,5.99
E12000004,East Midlands,E07000034,Chesterfield,2.87,2.91,2.93,2.93,2.86,3.25,3.85,5.37,5.27,6.02,6.51,6.45,4.88,5.3,4.95,5.28,5.13,5.85,5.51,5.47,6.28,5.85,5.99,5.92,6.02,6.2
E12000004,East Midlands,E07000035,Derbyshire Dales,4.82,4.78,4.61,4.36,4.93,5.69,6.51,9.02,10.45,11.03,10.5,8.7,8.62,8.16,8.77,8.57,8.79,9.08,9.74,9.62,9.59,9.34,9.79,9.7,10.2,9.75
E12000004,East Midlands,E07000036,Erewash,2.97,3.1,3.05,3.22,3.38,3.91,4.66,5.54,6.52,6.41,6.53,6.34,5.37,5.91,5.61,5.74,5.43,5.94,6.25,6.3,6.66,6.56,6.91,6.17,6.6,5.92
E12000004,East Midlands,E07000037,High Peak,3.7,3.8,3.61,3.62,3.77,4.47,6.45,6.78,7.24,6.88,7.96,6.74,5.95,5.7,5.96,6.39,6.35,6.94,6.86,7.11,7.35,7.94,7.57,7.21,7.9,7.9
E12000004,East Midlands,E07000038,North East Derbyshire,3.41,3.45,3.54,3.56,3.33,4.12,4.84,5.75,6.69,6.06,7.36,6.44,6.09,5.93,5.92,6.52,6.13,7.03,7.07,6.62,6.74,6.54,7.03,6.9,7.6,7.17
E12000004,East Midlands,E07000039,South Derbyshire,3.04,3.76,3.58,4.54,4.19,4.67,5.84,6.94,7.28,6.22,6.25,5.8,5.4,6.23,6.25,6.32,5.79,6.31,6.63,7.11,6.94,7.23,7.7,6.94,7.87,7.54
E12000004,East Midlands,E07000129,Blaby,3.53,3.66,4.28,4.15,4.5,4.99,5.93,6.56,6.82,7.39,7.75,7.38,6.5,6.61,6.69,6.81,7.17,7.13,7.5,8.41,8.34,8.84,8.67,8.45,9.31,8.02
E12000004,East Midlands,E07000130,Charnwood,3.35,3.41,3.72,3.79,3.94,4.11,5.67,6.6,6.82,7.03,7.56,7.01,6.43,6.79,6.75,6.81,6.55,6.83,7.24,7.73,8.56,8.22,7.83,8.25,9.47,8.19
E12000004,East Midlands,E07000131,Harborough,4.4,4.47,4.15,5.3,5.34,5.19,7.65,8.82,8.35,8.57,8.61,8.36,7.33,7.73,7.87,8.4,8.13,8.33,9.1,8.73,9.77,10.67,10.54,11,10.53,10.85
E12000004,East Midlands,E07000132,Hinckley and Bosworth,3.83,3.66,4.2,4.19,4.55,4.81,5.89,7.15,7.47,7.46,7.89,7.24,6.84,7.1,7.34,6.36,6.28,6.95,7.15,7.37,7.74,7.47,7.05,8.05,8.75,8.84
E12000004,East Midlands,E07000133,Melton,3.4,3.94,4.32,4.81,4.48,5.81,6.53,8.13,7.54,8.33,8.38,7.84,7.38,7.93,8.15,7.05,7.97,7.92,8.91,8.7,8.7,9.07,8.98,9.73,10.82,8.33
E12000004,East Midlands,E07000134,North West Leicestershire,3.53,3.61,3.62,3.88,4.5,4.74,5.98,6.93,8.01,7.47,7.35,6.64,6.06,6.56,6.15,6.31,6.16,6.99,7.2,7.14,7.42,7.52,7.15,7.55,7.85,7.42
E12000004,East Midlands,E07000135,Oadby and Wigston,3.82,4.09,3.75,4.26,4.77,4.88,6.07,7.39,7.91,7.17,8.01,7.99,7.65,7.61,7.87,7.49,7.95,7.62,8.92,9.01,9.01,9.43,9.22,9.97,10.94,10.58
E12000004,East Midlands,E07000136,Boston,2.87,3.04,3.05,2.97,3.64,4.15,5.24,6.75,6.35,7.51,7.18,6.65,6.15,5.79,5.68,5.68,5.93,6.45,7.06,7.05,7.31,6.95,6.97,7.27,7.47,6.61
E12000004,East Midlands,E07000137,East Lindsey,3.54,3.64,3.59,3.87,4.02,4.61,5.57,7.23,7.79,7.64,8.76,7.65,6.06,7.15,6.74,6.25,6.25,6,6.55,6.31,6.61,6.86,6.72,6.93,7.57,7.29
E12000004,East Midlands,E07000138,Lincoln,2.7,2.82,2.83,2.77,2.93,3.35,4.69,5.89,6.2,6.14,6.58,5.7,5.22,5.2,5.15,5.18,5.09,5.91,6.21,6.3,6.38,6.04,6.28,6.11,6.48,5.91
E12000004,East Midlands,E07000139,North Kesteven,3.94,3.71,3.87,4.12,4.76,5.26,6.76,7.87,8.61,8.72,8.15,8.24,7.52,8.16,7.45,7.53,7.13,7.02,7.58,7.67,7.76,7.78,8.2,7.37,8.08,8.31
E12000004,East Midlands,E07000140,South Holland,3.79,3.67,3.89,3.84,4.14,4.82,5.77,7.24,7.97,7.9,8.43,7.94,6.57,6.31,6.36,6.08,6.28,6.64,6.96,7.31,7.69,8.12,7.67,7.19,7.88,7.95
E12000004,East Midlands,E07000141,South Kesteven,3.76,3.73,4.37,4.22,4.62,4.9,6.23,7.2,8.33,8.34,8.63,7.99,6.78,7.33,7.05,7.41,7.17,7.47,7.33,8.04,8.73,8.53,7.62,8,8.04,8.54
E12000004,East Midlands,E07000142,West Lindsey,3.85,3.28,3.65,3.2,3.32,3.16,3.84,5.86,6.08,6.34,7.24,6.77,5.69,6.38,6.07,5.93,5.85,7.02,6.67,6.15,5.78,6.02,5.92,6.26,6.86,5.8
E12000004,East Midlands,E06000061,North Northamptonshire,:,:,:,:,:,:,4.99,6.18,6.74,7.09,7.45,7.27,5.81,6.08,5.9,5.81,6.15,6.49,6.99,7.26,7.6,8.21,7.96,7.9,8.41,8.19
E12000004,East Midlands,E06000062,West Northamptonshire,:,:,:,:,:,:,5.83,6.71,7.07,7.04,7.43,7.1,6.51,6.92,6.66,6.71,6.51,7.51,8.05,8.56,9.36,9.53,8.58,8.42,9.79,9.02
E12000004,East Midlands,E07000170,Ashfield,2.78,2.95,2.86,2.97,2.87,3.03,3.78,4.75,5.45,5.87,5.84,5.66,4.4,4.66,5.23,5.13,5.07,5.3,5.42,5.42,5.55,5.37,5.69,5.65,6.23,6.19
E12000004,East Midlands,E07000171,Bassetlaw,3.05,3.06,3.24,3.06,3.01,3.44,3.9,5.34,5.96,6.16,6.53,5.89,4.95,5.32,5.27,4.77,5.05,5.43,5.4,5.65,5.49,5.69,5.77,5.93,6.35,6.29
E12000004,East Midlands,E07000172,Broxtowe,3.88,3.56,3.31,3.3,3.75,4.66,4.82,6.61,6.99,6.58,7.17,6.65,6.12,6.31,6.12,6.25,5.94,5.94,5.58,6.44,6.31,7.32,6.96,7.56,7.7,7.84
E12000004,East Midlands,E07000173,Gedling,3.33,3.46,3.86,3.62,3.82,4.33,5.4,6.33,6.59,6.94,6.02,5.74,5.32,5.68,7.12,5.66,5.31,5.35,6.43,6.47,5.81,6.12,6.84,7.04,7.95,7.85
E12000004,East Midlands,E07000174,Mansfield,2.86,2.8,2.96,2.91,2.64,2.82,3.45,4.59,5.42,5.49,5.48,5.71,4.83,5.18,4.65,4.65,5.03,4.82,5.68,5.96,5.55,5.23,5.79,5.67,6.17,6.1
E12000004,East Midlands,E07000175,Newark and Sherwood,3.39,3.35,3.86,3.58,3.45,3.93,5.43,6.91,7.07,6.99,7.25,6.92,6.24,6.26,5.95,5.59,5.72,5.9,6.38,6.49,6.54,7.36,7.39,7.23,7.33,7.23
E12000004,East Midlands,E07000176,Rushcliffe,4.47,4.63,4.66,4.8,6.06,5.94,7.99,8.56,8.16,9.44,9.16,8.84,8.39,8.02,7.61,8.67,8.14,8.39,8.72,8.73,9.59,9.24,9.84,10.24,10.32,9.42
E12000005,West Midlands,E06000019,"Herefordshire, County of",:,4.05,4.68,5.05,5.11,5.91,6.96,8.15,8.81,9.11,9.69,9.21,8.65,9.34,8.91,8.57,8.31,8.31,8.82,8.51,8.77,9.2,9.13,8.89,9.93,9.17
E12000005,West Midlands,E06000020,Telford and Wrekin,3.25,3.28,3.42,3.5,3.67,3.81,4.74,5.72,6.06,6.46,6.66,6.5,6.41,6.55,6.43,5.91,5.79,6.17,6.21,6.03,6.4,6.15,5.96,5.89,7.03,6.6
E12000005,West Midlands,E06000021,Stoke-on-Trent,2.29,2.22,2.29,2.24,2.1,2.2,2.41,3.41,4.22,4.44,4.63,4.63,4.05,4,3.71,3.64,3.7,3.89,3.87,4.09,4.03,4.12,4.17,4.01,4.42,4.19
E12000005,West Midlands,E06000051,Shropshire,:,:,:,:,:,:,6.53,7.83,8.29,8.68,9.01,9.1,8.17,8.13,7.64,7.83,7.36,7.96,7.99,8.16,8.55,8.2,7.56,7.77,8.63,7.8
E12000005,West Midlands,E07000192,Cannock Chase,3.52,3.41,3.83,3.36,4.12,4.02,5.28,6.06,6.41,6.38,7.79,6.71,5.45,5.82,6.45,6.16,5.62,5.87,6.08,6.23,6.34,6.62,7.21,6.95,7.96,8.08
E12000005,West Midlands,E07000193,East Staffordshire,2.98,3.19,3.38,3.15,3.13,3.83,4.39,4.8,6.14,5.9,6.47,6.22,5.8,6.34,5.69,5.76,5.63,6.09,6.33,5.98,6.71,6.84,6.62,6.46,7.28,6.35
E12000005,West Midlands,E07000194,Lichfield,4.46,4.26,4.34,4.92,5.51,5.95,6.6,7.79,8.53,8.28,9.55,9.05,7.56,7.44,7.51,7.82,7.25,8.69,8.42,7.49,8.81,8.88,8.63,8.12,10.01,10.06
E12000005,West Midlands,E07000195,Newcastle-under-Lyme,3.42,3.04,3.11,3.11,3.19,3.49,4.27,5.3,5.85,6.67,6.49,6.76,5.83,6.1,5.99,5.68,5.48,5.81,6.04,6.18,5.45,6.01,6.01,5.57,6.22,6.15
E12000005,West Midlands,E07000196,South Staffordshire,4.5,4.41,4.41,4.45,4.9,5.44,6.91,7.54,8.05,7.92,8.79,7.63,7.73,8.24,8.9,8.39,7.38,7.37,7.4,8.29,8.23,8.25,8.58,7.77,8.7,9.98
E12000005,West Midlands,E07000197,Stafford,3.88,3.94,4.14,4.12,4.19,4.51,5.72,6.93,7.12,7.14,7.27,7.35,6.46,6.59,7.23,6.62,6.7,6.77,7.34,7.71,7.57,8.03,8.06,7.5,8.46,7.08
E12000005,West Midlands,E07000198,Staffordshire Moorlands,3.42,3.12,3.39,3.31,3.32,3.71,4.41,6.09,6.45,6.92,7.94,7.53,6.26,6.11,6.55,5.75,5.85,6.37,7.73,6.9,7.05,6.71,6.31,7.26,7.83,6.02
E12000005,West Midlands,E07000199,Tamworth,3.75,3.86,3.99,3.75,4.91,4.98,5.5,6.87,6.66,7.26,6.86,7.28,6.11,6.36,6.21,6.42,6.88,6.8,7.47,7.29,6.99,8.07,7.87,8.4,8.36,7.03
E12000005,West Midlands,E07000218,North Warwickshire,3.93,3.67,3.9,3.77,4.12,4.66,5.18,6.11,6.38,7.13,7.37,7.15,6.03,6.24,5.6,5.76,6.43,7.04,6.99,6.65,6.54,7.13,7.01,7.22,8.04,8.06
E12000005,West Midlands,E07000219,Nuneaton and Bedworth,3.05,3.27,3.39,3.11,3.57,4.02,5.24,5.74,6.42,6.41,6.64,6.41,5.73,5.87,5.79,5.57,5.48,5.91,6.29,6.58,7.34,6.7,6.63,7.44,8.1,8.29
E12000005,West Midlands,E07000220,Rugby,2.88,3.09,3.17,3.62,3.64,4.88,4.97,5.75,6.27,6.99,7.46,6.51,5.62,6.1,6.46,6.29,6.18,6.15,6.35,7.03,7.54,8.17,8.62,7.59,8.16,7.61
E12000005,West Midlands,E07000221,Stratford-on-Avon,5.49,5.8,5.77,6.24,6.25,8.13,7.96,8.8,9.24,9.54,9.27,8.57,8.83,9.01,9.39,8.28,9.11,9.46,9.89,10.33,10,10.55,11.72,10.01,10.56,11.2
E12000005,West Midlands,E07000222,Warwick,4.5,4.62,5.25,5.85,5.79,6.7,7.88,8.27,8.66,8.16,8.78,8.2,7.67,8.42,7.95,8.07,7.77,8.56,9.07,10.25,10.14,10.49,9.95,10.18,11.46,9.92
E12000005,West Midlands,E07000234,Bromsgrove,4.77,4.6,5.26,5.9,6.01,7.96,8.56,10.19,9.47,9.26,10.11,8.76,8.43,8.74,10.31,9.34,8.81,10,10.84,11.56,10.37,10.69,10.54,10.4,11.49,10.43
E12000005,West Midlands,E07000235,Malvern Hills,:,5.32,5.56,5.83,6.75,7.95,9.33,9.96,10.59,10.28,10.4,11.09,8.06,9.74,9.43,8.53,8.39,9.04,9.25,10.79,10.75,10.23,10.8,11.23,10.73,9.27
E12000005,West Midlands,E07000236,Redditch,3.47,3.83,4.28,4.55,4.74,4.99,6.06,6.96,7.31,7.59,7.88,7.41,6.35,6.97,6.82,6.51,7.31,7.43,7.79,7.53,7.9,7.85,8.06,7.87,8.14,8.15
E12000005,West Midlands,E07000237,Worcester,4.02,4.15,4.39,4.55,5.05,5.55,6.29,7.64,8.15,8.26,8.03,8.13,6.89,7.33,7.79,7.07,7.06,7.45,8.06,7.77,7.45,7.62,7.58,8.07,8.51,8.1
E12000005,West Midlands,E07000238,Wychavon,4.68,5.01,4.96,5.49,5.86,6.84,7.87,8.95,8.97,9.67,9.64,9.6,7.71,8.78,8.19,8.29,8.13,9.34,8.81,9.39,9.48,9.87,9.63,10,11.34,9.05
E12000005,West Midlands,E07000239,Wyre Forest,3.79,3.59,3.88,3.92,4.54,5.29,6.33,7.79,8.43,8.12,7.76,7.49,7.51,7.45,8.2,7.86,7.71,7.71,7.05,7.32,7.75,7.98,7.13,7.72,8.36,7.84
E12000005,West Midlands,E08000025,Birmingham,2.97,2.94,2.99,3.02,3.16,3.86,4.94,5.73,6.05,6.38,6.38,6.09,5.2,5.51,5.41,5.3,5.23,5.69,5.56,5.78,6.04,6.26,6.43,6.24,7.05,6.77
E12000005,West Midlands,E08000026,Coventry,2.92,2.87,2.69,2.82,2.95,3.39,4.11,5.02,5.47,5.78,6.3,5.78,4.94,5.25,5.17,4.87,4.85,5.59,5.68,6.13,6.4,6.51,6.86,6.48,6.86,6.92
E12000005,West Midlands,E08000027,Dudley,3.98,3.68,3.89,3.68,3.75,4.39,5.21,6.15,6.86,7.29,7.02,7.01,6.31,6.92,6.32,6.19,6.52,6.4,6.45,6.23,6.67,6.53,6.45,6.39,7.12,6.92
E12000005,West Midlands,E08000028,Sandwell,3.03,2.98,2.89,2.72,2.99,3.37,4.56,5.53,5.9,6.13,6.24,5.81,5.04,5.51,5.09,4.9,4.89,5.19,5.29,5.66,5.88,6.19,6.03,5.82,6.54,7.03
E12000005,West Midlands,E08000029,Solihull,4.2,4.24,4.13,5.12,4.96,5.74,6.38,6.81,7.37,7.93,7.35,7.21,6.82,7.79,8.18,7.49,7.42,7.81,8.07,8.38,8.28,9.01,9.03,9.72,9.77,7.06
E12000005,West Midlands,E08000030,Walsall,3.31,3.46,3.29,3.28,3.34,3.83,4.58,5.86,6.37,6.58,7.37,6.82,5.83,5.81,5.43,5.22,5.53,5.73,5.52,5.97,6.46,6.43,6.18,5.87,6.99,6.65
E12000005,West Midlands,E08000031,Wolverhampton,3.01,2.77,2.98,2.85,2.88,3.22,4.16,5.02,5.59,5.58,5.99,6.17,5.23,5.13,4.97,4.8,4.86,5.2,5.46,5.42,5.72,5.7,5.63,5.99,6.41,6.58
E12000006,East of England,E06000031,Peterborough,:,2.8,2.99,3.06,3.31,3.96,4.55,5.5,6.11,6.5,6.89,6.44,5.53,5.57,5.31,5.44,5.37,5.76,6.3,6.43,7.3,7.7,7.14,7.55,7.66,7.59
E12000006,East of England,E06000032,Luton,2.57,2.87,3.19,3.69,4.23,4.68,6.08,7.37,6.83,7.01,7.67,7.43,6.24,6.96,7.68,7.43,6.98,7.52,8.04,8.49,8.05,8.62,8.58,9.4,9.76,10.41
E12000006,East of England,E06000033,Southend-on-Sea,3.29,3.33,3.67,3.78,4.12,4.95,6.04,7.09,8.03,8.3,9.15,8.12,8.02,7.5,7.76,7.35,7.4,8.22,9.05,8.75,9.94,10.21,11.5,11.04,12.28,11.71
E12000006,East of England,E06000034,Thurrock,3,3.3,3.49,3.52,4.02,4.52,6.28,6.87,7.59,8.06,7.79,7.65,7.42,7.09,7.63,7.81,7.32,7.98,8.35,9.65,10.84,10.09,10.31,10.15,11.8,10.69
E12000006,East of England,E06000055,Bedford,3.72,3.78,4.02,4.12,4.61,5.25,6.28,7.09,7.54,7.68,7.41,7.7,7.27,7.59,7.44,7.47,7.51,8.43,8.71,8.62,10.32,10.88,10.23,9.25,10.44,10.1
E12000006,East of England,E06000056,Central Bedfordshire,:,:,:,:,:,:,7.43,7.86,8.58,8.3,9.43,8.49,8.23,8.89,8.84,8.87,9,9.23,9.79,11.62,11.14,11.87,12.04,10.81,11.17,11.36
E12000006,East of England,E07000008,Cambridge,4.5,5.27,5.54,6.28,6.59,7.54,8.25,8.66,8.83,9.21,10.73,10.05,7.96,9.24,9.16,9.55,9.87,11.26,12.74,13.33,14.36,13.3,13.48,13.32,12.99,13.24
E12000006,East of England,E07000009,East Cambridgeshire,4.59,5.1,5.55,5.6,6.56,7.16,7.34,7.38,7.98,8.34,8.87,8.68,7.41,7.93,8.15,8.29,8.46,8.57,8.58,9.4,9.97,11.07,10.9,10.66,10.99,10.19
E12000006,East of England,E07000010,Fenland,3.13,3.23,3.08,3.54,3.83,4.87,5.35,5.98,6.62,6.63,7.3,7.93,6.2,6.86,6.28,6.04,6.18,6.43,6.53,7.15,7.12,8.08,7.87,7.96,8.57,8.23
E12000006,East of England,E07000011,Huntingdonshire,:,3.54,3.83,4.02,4.57,5.5,6.31,7.31,8.06,8.2,8.3,8.33,6.62,6.91,6.96,7.21,6.87,7.21,7.94,8.01,9.12,9.31,9.31,9.44,9.69,9.21
E12000006,East of England,E07000012,South Cambridgeshire,4.48,4.73,5.15,5.43,6.41,6.87,7.42,7.68,8.63,8.12,9,9.13,7.24,7.95,8.82,8.39,8.99,9.01,10.31,11.04,11.41,10.36,10.64,10.98,11.66,11.18
E12000006,East of England,E07000066,Basildon,3.31,3.36,3.51,3.69,3.93,4.39,5.98,6.78,7.54,7.89,7.67,8.27,7.72,7.78,7.63,7.29,7.4,8.25,9.08,10.59,11.36,11.43,10.81,10.86,10.84,11.65
E12000006,East of England,E07000067,Braintree,4.43,4.44,5.32,5.08,6.05,6.11,8.17,8.87,8.47,8.98,9.4,9.18,7.84,8.17,8.01,7.84,8.4,9.14,9.99,9.61,11.37,12.25,10.84,10.66,11.63,10.83
E12000006,East of England,E07000068,Brentwood,5.94,5.98,6.84,7,7.15,7.17,8.81,9.58,9.85,9.88,11.04,10.11,10.03,11.18,10.75,10.9,9.99,10.38,11.39,14.44,12.2,14.4,13.72,13.66,15.74,13.31
E12000006,East of England,E07000069,Castle Point,4.7,4.41,4.26,5.71,6.11,8.26,9.08,9.41,10.68,9.36,11.9,11.08,8.84,10.34,9.94,10.47,10.1,11.47,13.22,11.71,14.74,13.21,13.24,12.43,12.5,12.18
E12000006,East of England,E07000070,Chelmsford,4.01,4.26,4.56,5.12,5.56,6.8,8.48,9.2,9.18,9.15,9.37,9.21,8.08,8.76,8.55,9.13,9.02,9.98,11.2,11.25,12.36,12.53,12.2,11.89,12.74,12.01
E12000006,East of England,E07000071,Colchester,3.89,3.97,4.02,4.57,5.09,5.83,7.06,8.24,8.14,8.37,8.98,8.61,6.83,7.34,7.26,7.1,7.63,7.76,8.34,8.64,9.34,10.21,9.97,9.68,10.34,9.85
E12000006,East of England,E07000072,Epping Forest,5.26,5.13,5.85,6.22,7.07,8.86,9.59,10.35,10.91,10.52,10.43,9.86,9.57,9.97,10.6,10.89,12.02,12.21,13.51,16.77,16.17,14.95,16.41,17.02,15.29,15.28
E12000006,East of England,E07000073,Harlow,3.57,3.96,4.19,4.1,4.48,5.08,5.67,6.9,7.25,7.49,6.4,6.45,6.38,6.73,7.14,6.94,7.62,7.28,8.64,9.53,10.77,10.88,10.65,11.65,11.81,11.12
E12000006,East of England,E07000074,Maldon,4.44,4.89,5.15,5.44,5.62,6.08,8.25,9.8,9.62,10.03,11.23,10.94,8.96,9.97,9.18,8.76,8.17,9.88,10.69,10.98,10.96,11.24,11.38,12.13,12.27,11.67
E12000006,East of England,E07000075,Rochford,4.97,5.21,5.17,5.21,6.3,7,9.96,9.26,10.58,9.52,10.32,10.12,8.75,11.28,10.32,10.23,9.75,10.41,10.19,13.55,13.19,13.42,12.98,14.16,14.04,11.49
E12000006,East of England,E07000076,Tendring,3.4,3.46,3.74,4.15,5.13,5.41,6.15,7.24,8.12,8.28,8.85,9.05,7.05,7.23,7.39,8.22,6.65,6.43,7.25,8.67,9.46,9.69,8.93,8.24,9.69,9.07
E12000006,East of England,E07000077,Uttlesford,4.92,5.3,5.44,6.15,6.95,7.93,9.39,10.67,9.97,10.12,10.57,11.21,10.16,10.29,10.2,10.92,11.66,11.46,11.99,13.29,14.91,13.77,12.97,12.78,14.68,15.3
E12000006,East of England,E07000095,Broxbourne,3.99,4.88,5.54,5.61,5.72,7.42,8.39,9.68,9.95,10.01,10.56,9.88,9.98,9.25,9.55,9.8,8.15,8.8,10.33,11.73,12.01,12.94,12.33,12.55,12.53,11.4
E12000006,East of England,E07000096,Dacorum,4.37,4.99,5.22,5.59,6.64,6.86,8.3,9.32,9.16,9.18,9.43,9.82,8.76,9.41,9.23,9.44,9.63,10.33,12.67,12.38,13.53,13.48,13.53,12.97,14.32,15.23
E12000006,East of England,E07000098,Hertsmere,5.31,5.16,6.03,6.17,7.3,8.27,9.49,10.39,10.32,11.83,13.39,12.6,10.21,10.5,12.09,10.91,11.06,13.83,12.97,16.09,15.1,16.1,14.8,15.16,17.69,13.98
E12000006,East of England,E07000099,North Hertfordshire,3.98,4.6,4.88,4.98,5.72,6.21,8.12,9.14,8.37,9.11,9.98,9.15,9.18,9.12,9.38,9.14,8.86,8.98,9.46,10.65,11.95,12.36,11.12,11.14,11.73,10.99
E12000006,East of England,E07000102,Three Rivers,5.76,5.7,6.03,6.59,6.98,6.84,7.32,7.95,7.23,8.26,9.08,9.88,8.78,8.83,9.13,9.83,11.22,11.81,13.63,14.41,14.54,14.91,13.71,15.01,14.05,12.85
E12000006,East of England,E07000103,Watford,3.71,4.15,4.3,5.67,6.07,7.13,7.06,8.81,9.59,8.97,10.79,11.45,9.34,9.25,10.92,8.8,8.54,9.44,12.07,10.96,14.36,14.6,13.46,13.07,13.45,13.19
E12000006,East of England,E07000143,Breckland,3.57,3.5,3.68,3.98,4.58,5.57,6.48,7.81,7.86,8.31,8.16,8.61,7.67,8.21,7.38,7.71,7.68,7.95,8.65,8.84,9.97,9.17,8.86,8.51,9.37,9.22
E12000006,East of England,E07000144,Broadland,4.22,4.5,4.53,5.02,5.58,6.55,8,8.43,9.32,9.08,10.67,9.97,7.73,8.24,8.35,7.8,8.16,8.44,8.96,9.74,10.65,10.06,9.23,9.94,9.97,10.1
E12000006,East of England,E07000145,Great Yarmouth,2.84,2.87,2.69,2.71,3.1,3.15,4.45,5.55,6.14,6.06,6.47,6.5,6.36,6.21,5.75,5.09,6.02,6.14,5.73,5.81,6.29,6.45,6.44,6,6.8,6.37
E12000006,East of England,E07000146,King's Lynn and West Norfolk,3.21,3.53,3.53,3.67,4.14,4.92,5.53,6.71,7.21,7.73,7.79,7,6.42,7.23,6.9,6.71,7.51,6.67,7.55,7.49,8.68,8.4,8.15,8.14,8.84,8.56
E12000006,East of England,E07000147,North Norfolk,3.98,3.84,4.76,4.44,5.04,5.67,6.44,8.18,9.07,8.7,9.19,8.78,8.62,8.21,7.7,7.23,7.45,8.67,8.12,8.55,9.58,9.72,9.55,8.47,9.99,9.35
E12000006,East of England,E07000148,Norwich,2.85,2.96,2.96,3.41,3.97,5.1,5.98,6.72,7.5,7.46,8.13,7.44,6.31,6.63,6.45,6.58,6.6,7.09,7.25,7.13,7.93,7.57,7.57,7.59,7.86,7.59
E12000006,East of England,E07000149,South Norfolk,3.99,4.27,3.6,4.05,4.89,5.89,6.89,7.61,8,8.32,9.48,9.19,7.66,8.23,7.84,7.65,7.69,8.92,8.51,8.94,10.37,9.93,10.16,9.85,9.7,9.79
E12000006,East of England,E07000200,Babergh,4.57,3.89,4.68,4.73,5.5,6.64,7.24,8.91,9.62,9.38,9.29,9.09,7.85,8.73,8.21,8.8,8.89,9.07,9.54,10.3,10.83,11.07,10.96,10.98,11.94,11.39
E12000006,East of England,E07000202,Ipswich,3.21,3.28,3.64,4.09,4.35,5.12,5.77,6.65,7.6,6.9,7.77,6.86,5.64,6.21,6.1,5.84,5.84,6.12,6.51,6.62,7.12,7.85,7.85,7.59,8.26,7.51
E12000006,East of England,E07000203,Mid Suffolk,4.35,4.26,4.46,4.99,5.34,6.07,6.83,7.78,8.42,8.51,8.98,9.06,7.36,7.95,7.28,7.99,7.58,7.95,8.32,9.48,10.96,9.86,8.84,9.42,9.99,10.16
E12000006,East of England,E07000240,St Albans,:,:,:,:,:,:,10.89,11.05,10.76,11.46,11.22,11.87,10.48,12.67,12.05,12.47,13.23,12.77,15,18.23,18.9,17.45,16.82,17.78,17.76,16.53
E12000006,East of England,E07000241,Welwyn Hatfield,:,:,:,:,:,:,8.02,8.5,8.31,8.61,8.32,9.08,7.89,8.84,9.81,9.14,9.08,9.2,9.91,11.19,13.03,11.86,11.59,11.86,12.71,11.99
E12000006,East of England,E07000242,East Hertfordshire,:,:,:,:,:,:,8.94,10.13,9.84,10.55,10.83,11.37,8.88,9.92,10.3,10.15,10.44,10.71,11.85,13.1,14.1,13.22,12.89,13.12,13.27,12.17
E12000006,East of England,E07000243,Stevenage,:,:,:,:,:,:,6.5,7.16,8.12,7.34,7.56,8.08,6.99,7.15,7.03,6.82,7.31,7.6,9.01,9.59,10.35,10.44,9.15,9.77,10.99,10.02
E12000006,East of England,E07000244,East Suffolk,:,:,:,:,:,:,5.56,6.72,7.49,7.88,8.29,7.42,6.92,7.31,6.67,7.01,6.89,6.94,7.73,7.4,8.3,8.48,8.02,8.63,9.54,8.71
E12000006,East of England,E07000245,West Suffolk,:,:,:,:,:,:,6.75,7.55,8.08,8.59,9.11,8.49,7.13,7.49,7.52,7.59,7.67,8.59,9.28,9.37,10.16,9.89,9.65,9.41,9.75,9.78
E12000007,London,E09000001,City of London,5.25,6.06,6.35,6.53,7.02,7.03,8.44,7.14,7.98,7.8,9.72,9.85,8.7,9.6,9.83,9.98,13.52,15.29,17.46,16.25,17.78,18.96,18.98,18.4,14.99,13.22
E12000007,London,E09000002,Barking and Dagenham,3.33,3.11,3.46,3.56,4.29,5.17,6.68,7.08,8.26,8.12,8.09,8.55,6.75,6.76,6.96,6.44,7.17,7.64,8.62,10.32,13.13,12.21,13.16,11.8,12.2,12.55
E12000007,London,E09000003,Barnet,5.25,5.37,5.82,6.89,7.94,8.95,9.6,10.37,10.47,10.7,10.5,11.36,9.53,11.07,11.31,11.41,11.85,12.7,14.48,15.5,16.8,19.46,17.93,18.19,17.28,16.31
E12000007,London,E09000004,Bexley,4.21,4.06,4.63,4.85,5.32,6.66,7.26,9.48,9.01,8.36,9.35,9.09,8.4,8.54,8.45,8.67,8.9,9.29,10.39,11.8,12.36,13.49,13.29,13.88,14.97,12.47
E12000007,London,E09000005,Brent,4.4,4.71,5.58,5.89,7,8.47,9.28,9.87,10.3,10.15,11.9,11.34,10.19,11.2,12.33,11.75,12.57,13.27,15.36,15.36,18.37,17.86,16.23,14.67,16.38,11.57
E12000007,London,E09000006,Bromley,5.19,5.74,6.39,7.14,9.4,10.87,11.64,11.29,10.1,9.36,10.27,10.75,10,10.83,11.23,10.65,10.84,12.15,12.75,14.36,16.77,15.38,14.87,13.92,15.19,13.92
E12000007,London,E09000007,Camden,5.48,6.31,7.14,8.5,8.53,9.6,9.59,9.75,10.4,10.38,11.9,11.84,10.47,11.82,12.76,12.78,14.32,16.5,17.68,18.93,19,18.78,18.3,18.24,17.92,16.48
E12000007,London,E09000008,Croydon,3.81,4.15,4.4,4.69,5.72,6.52,7.86,8.11,9.14,8.32,9.29,9.25,8.02,8.06,8.34,8.12,8.5,9.17,10.4,11.97,12.32,11.43,11.48,12.92,12.01,11.01
E12000007,London,E09000009,Ealing,4.36,5.05,5.71,6.45,6.68,8.06,8.8,9.12,9.05,9.87,10.15,10.33,9.63,10.56,11.08,11.6,11.9,13.17,15.3,17.5,17.17,17.05,16.18,15.43,16.58,15.48
E12000007,London,E09000010,Enfield,4.63,4.64,4.96,5.09,5.61,6.68,8.24,7.96,9.19,9.58,9.65,9.92,8.98,9.64,9.55,9.58,10.84,11.61,12.62,14.01,14.7,14.62,15.01,13.79,14.61,12.55
E12000007,London,E09000011,Greenwich,3.45,3.74,4.26,4.79,5.45,6.67,7.85,8.69,8.26,8.3,8.84,8.54,7.73,8.34,8.64,9.14,8.98,10.6,10.58,13.47,14.17,13.84,15.26,13.26,14.31,13.19
E12000007,London,E09000012,Hackney,3.3,3.43,4.1,5.36,6.51,7.47,7.88,7.93,7.92,8.03,9.22,9.85,8.32,8.96,9.38,10.31,11.12,13.52,15.85,16.7,15.98,16.51,17.2,17.04,16.21,14.2
E12000007,London,E09000013,Hammersmith and Fulham,5.52,6.68,6.96,8.51,8.57,9.43,9.7,10.61,10.42,10.92,11.84,12.37,11.05,12.38,12.12,13.11,14.58,17.25,19.2,20.76,18.62,16.91,17.83,17.16,18.61,17.18
E12000007,London,E09000014,Haringey,4.43,5.01,4.89,5.89,6.53,7.62,8.78,8.98,9.41,9.38,10.84,9.63,9.84,10.11,11.16,11.13,11.31,12.69,14.98,16.43,16.83,18.16,16.8,16.22,18.07,16.52
E12000007,London,E09000015,Harrow,4.89,5.2,5.69,6.86,7.03,8.67,9.55,9.57,10.04,10.88,10.74,11.16,10.12,11.1,12.79,11.72,13.31,13.62,15.74,15.35,16.75,18.15,16.01,16.3,17.33,15.3
E12000007,London,E09000016,Havering,5.14,5.58,6.14,6.75,7.55,9.63,10.76,12.26,8.97,9.18,9.22,9.29,8.26,8.61,8.99,8.82,8.37,9.46,10.65,12,13.75,13.67,12.37,12.57,13.9,13.74
E12000007,London,E09000017,Hillingdon,3.78,4.05,4.77,5.06,5.78,6.98,7.91,8.2,8.48,9,9.06,8.9,8.23,8.43,8.72,8.61,8.67,9.74,11.09,12.6,13.51,13.59,13.44,12.52,15,14.08
E12000007,London,E09000018,Hounslow,4.09,4.77,5.28,5.75,6.57,7.76,8.3,8.9,8.41,9.96,10.38,10.41,8.11,8.94,9.04,9.35,9.88,9.83,10.66,11.9,12.22,12.55,12.26,11.75,13.04,12.9
E12000007,London,E09000019,Islington,4.7,5.27,6.32,7.01,7.45,7.55,8.17,8.39,8.57,8.69,9.79,10.17,9.23,10.8,11.04,11.17,12.21,14.1,15.95,15.69,15.36,15.24,14.84,16.38,15.69,14.71
E12000007,London,E09000020,Kensington and Chelsea,10.05,10.45,11.51,13.62,13.38,13.03,13.33,14.88,16.56,17.03,20.95,19.83,19.52,20.36,22.01,24.48,24.89,30.84,32.03,32.16,31.79,33.91,29.95,27.36,29.65,31.16
E12000007,London,E09000021,Kingston upon Thames,5.4,5.73,6.64,7.88,7.88,8.76,9.78,10.24,10.68,10.29,11.72,12.27,10.8,10.81,12.14,10.66,12.03,12.25,14.45,16.34,16.75,16.26,14.77,14.35,15.34,14.63
E12000007,London,E09000022,Lambeth,3.64,3.99,4.61,5.39,6.93,7.41,7.68,8.38,7.84,8.44,9.05,9.33,8.28,9,9.11,9.66,9.91,11.58,13.58,14.77,15.47,15.11,14.5,14.92,16.14,14.54
E12000007,London,E09000023,Lewisham,3.41,3.81,3.98,4.73,5.2,6.38,7.66,8.27,7.97,8.66,8.19,8.51,7.06,7.76,8.99,9.24,9.67,10.6,12.63,13.24,14.28,15.12,14.43,13.17,14.9,12.97
E12000007,London,E09000024,Merton,4.42,4.72,5.34,6.41,7.23,7.96,9.02,10.15,10.19,10.32,11.01,13.17,9.75,10.35,11.07,10.39,11.04,13.28,14.98,16.31,17.39,15.73,16.34,16.1,16.61,16.97
E12000007,London,E09000025,Newham,3.04,3.39,3.77,4.62,4.99,6.26,7.69,8.67,8.72,9.2,9.19,9.2,7.62,7.62,8.9,8.72,8.89,9.76,12.12,11.82,15.13,15.34,14.39,13.52,12.75,11.76
E12000007,London,E09000026,Redbridge,4.31,4.83,5.06,5.34,5.89,7.58,9.03,10.73,9.65,10.52,10.26,9.95,8.06,9.42,10.5,11.46,11.09,10.1,11.87,12.82,14.82,15.12,14.39,13.92,16.56,14.6
E12000007,London,E09000027,Richmond upon Thames,6.4,7.27,7.76,8.67,9.05,10.36,11.02,11.97,11.93,12.1,12.48,12.73,11.14,12.17,13.89,14.11,15.04,16.35,16.9,17.35,19.38,18.79,18.37,17.25,18.11,18.85
E12000007,London,E09000028,Southwark,3.44,4.04,4.42,5.26,5.46,6.29,6.66,7.6,8.37,7.78,8.46,9.64,8.35,8.89,9.08,8.94,9.43,11.15,13.06,13.81,15.37,13.99,14.28,13.2,13.73,12.84
E12000007,London,E09000029,Sutton,3.78,4.44,4.93,5.6,6.12,6.78,7.69,7.92,8.58,8.37,9.82,9.94,8.76,9.08,9.97,9.69,8.55,10.87,12.33,13.29,13.8,14.05,12.49,11.86,14.36,11
E12000007,London,E09000030,Tower Hamlets,3.43,3.93,4.72,5.52,5.83,6.29,6.52,6.52,6.7,7.15,7.82,7.93,7.43,8.16,7.7,7.52,7.82,9.2,10.62,12.13,11.84,11.98,12.13,11.84,13.41,11.53
E12000007,London,E09000031,Waltham Forest,3.57,3.64,4.54,4.87,5.86,7.35,8.87,8.67,11.03,9.48,11.6,11.58,9.31,10.06,9.26,9.8,11.05,14.34,14.75,17.29,16.07,17.34,15.07,14.53,16.65,16.8
E12000007,London,E09000032,Wandsworth,5.07,5.46,6.19,7.11,8.89,9.89,10.23,10.51,10.94,11.22,11.25,11.95,10.53,12.23,11.51,12.93,14.4,17.77,17.65,19.74,20.11,17.99,18.4,19.55,19.01,17.43
E12000007,London,E09000033,Westminster,6.1,6.9,7.86,8.98,9.63,10.78,11.24,10.83,10.7,11.72,12.26,13.29,12.69,13.86,15.24,14.96,17.62,19.2,21.12,22.52,22.65,21.93,19.07,19.32,18.73,19.59
E12000008,South East,E06000035,Medway,:,3.34,3.58,3.88,4.36,4.83,5.75,6.77,7.21,7.28,7.31,7.23,6.04,6.73,6.49,6.52,6.71,7.03,7.79,8.98,9.42,9.66,9.13,8.86,10.26,9.32
E12000008,South East,E06000036,Bracknell Forest,4.6,4.76,4.89,5.45,5.73,6.56,6.97,7.13,7.61,7.43,7.52,7.69,6.58,7.98,7.85,8.38,8.12,8.72,10.35,11.09,11,11.32,10.52,9.93,10.94,11.42
E12000008,South East,E06000037,West Berkshire,5.07,5.38,5.47,6.14,6.71,6.99,7.93,7.74,8.71,8.66,9.27,8.54,7.7,8.43,8.8,8.88,9.03,9.52,9.58,10.93,11.27,10.41,10.46,10.56,10.4,10.33
E12000008,South East,E06000038,Reading,3.95,4.11,4.26,5.42,5.98,6.71,7.3,7.35,7.66,7.87,8.45,8.43,7.19,7.26,7.53,7.2,7.64,8.19,9.12,10.1,10.38,10.28,10.19,10.2,10.79,9.4
E12000008,South East,E06000039,Slough,3.21,3.71,3.97,4.25,4.63,5.42,6.45,6.64,7.31,7.11,7.31,7.57,6.38,6.76,6.55,6.79,6.84,7.57,8.46,9.57,9.89,9.63,9.13,9.67,9.8,8.03
E12000008,South East,E06000040,Windsor and Maidenhead,5.97,7.04,7.75,8.37,9.11,9.74,9.57,10.55,10.76,10.77,10.77,11.32,9.73,10.39,10.49,10.87,10.63,11.8,13.65,14.68,15.92,13.51,13.96,14.07,14.91,14.44
E12000008,South East,E06000041,Wokingham,5.35,5.95,6.17,7.33,6.94,7.14,8.46,8.64,9.33,9.77,10.19,10.3,9.22,9.51,9.44,9.58,10.09,10.19,12.42,12.73,13.83,13.13,12.59,12.17,13.64,14.37
E12000008,South East,E06000042,Milton Keynes,3.25,3.4,3.77,3.9,4.71,5.47,6.42,7.33,7.35,7.33,7.5,7.31,6.28,7.03,6.88,6.86,6.85,7.49,8,8.4,9.37,9.48,8.62,8.69,10.16,9.45
E12000008,South East,E06000043,Brighton and Hove,3.57,4.03,4.47,5.19,5.97,7.32,8.29,8.53,8.72,9.19,9.89,9.83,8.69,9.13,9.74,9.22,9.23,10.09,11.49,11.56,12.59,12.24,12.25,11.01,13.21,12.27
E12000008,South East,E06000044,Portsmouth,3.6,3.68,3.94,4.05,4.28,5.24,6.23,7,7.18,6.86,7.38,6.96,5.71,6,6.4,6.54,6.41,6.66,6.9,7.27,7.49,8.17,7.24,7.57,7.84,7.62
E12000008,South East,E06000045,Southampton,3.35,3.46,3.61,3.98,4.28,5.09,6.24,6.71,7.16,7.26,7.33,6.69,6.17,6.66,6.53,6.3,6.51,6.55,7.13,7.14,7.36,7.66,7.06,7.07,8.04,7.07
E12000008,South East,E06000046,Isle of Wight,3.82,4.03,4.5,4.49,4.8,6.03,6.78,8.1,8.74,9.04,9.03,9.08,7.22,7.92,7.88,7.37,8.09,8.1,8.19,8.44,8.45,8.07,8.21,9.19,9.15,8.47
E12000008,South East,E06000060,Buckinghamshire,4.67,5.12,5.6,5.56,6.55,7.32,8.03,9.02,9.4,9.85,9.78,9.39,8.44,9.33,9.95,9.5,9.62,10.45,11.35,11.59,12.71,12.89,12.16,12,12.66,11.6
E12000008,South East,E07000061,Eastbourne,3.57,3.71,4.03,4.31,5.21,5.58,7.62,7.81,8.47,8.3,9.37,8.81,8.25,8.76,8.24,8.7,8.14,8.38,8.55,9.18,9.66,9.2,9.2,9.06,9.89,9.06
E12000008,South East,E07000062,Hastings,2.98,2.82,3.09,3.31,3.44,4.75,5,6.24,6.84,7.12,7.4,6.83,6.26,7.14,6.43,6.61,6.92,6.68,6.53,7.04,7.94,8.54,8.45,9.53,9.93,9.57
E12000008,South East,E07000063,Lewes,4.11,4.34,4.73,4.69,5.61,6.89,7.56,8.74,9.06,8.78,9.48,11.51,9.72,10.1,10.39,9.97,9.77,10.82,11.11,11.6,12.83,11.63,12.58,11.34,11.88,11.75
E12000008,South East,E07000064,Rother,5,5.03,5.72,5.12,4.93,6.75,8.75,9.31,8.83,10.07,10.3,10.52,8.88,9.44,9.33,9.99,10.06,10.44,10.15,10.42,10.94,11.61,11.58,11.07,12.47,10.77
E12000008,South East,E07000065,Wealden,5.11,5.36,5.66,6.1,6.48,7.68,9.06,9.61,10.49,10.33,10.14,12.02,10.45,10.67,9.72,10.51,11.14,12.78,11.75,12.78,12.87,12.53,13.03,12.38,13.32,12.75
E12000008,South East,E07000084,Basingstoke and Deane,4.18,4.52,4.82,5.45,5.5,6.08,7.1,7.51,8.05,7.95,8.25,7.66,6.51,7.6,7.91,7.95,7.75,8.15,8.86,9.68,11.18,10.57,9.42,10.13,10.43,10.29
E12000008,South East,E07000085,East Hampshire,5.17,5.54,5.99,6.31,6.75,7.78,9.31,10.63,10.75,9.79,10.89,11.2,10.77,11.13,11.11,10.88,11.52,12.18,11.8,11.87,12.54,14.57,14.27,13.53,15.65,12.51
E12000008,South East,E07000086,Eastleigh,4.47,5.13,5.25,5.63,6.03,7.5,8.43,9.1,9,9.18,9.71,9.66,8.53,8.24,8.42,8.7,8.75,8.85,9.12,10.15,10.47,11.04,10.21,9.58,10.02,9.38
E12000008,South East,E07000087,Fareham,5.14,5.1,5.4,5.61,6.14,7.62,8.73,8.65,8.44,9.73,10.4,9.05,8.68,9.49,8.92,9.22,8.92,8.84,9.82,9.92,10.15,10.54,10.46,10.8,11.75,10.61
E12000008,South East,E07000088,Gosport,3.58,3.7,3.85,4.58,4.93,5.1,5.89,6.58,7.19,7.17,7.32,8.77,6.38,7.56,6.86,8,7.61,7.44,6.94,9.34,8.34,7.79,9.1,7.4,8.2,7.85
E12000008,South East,E07000089,Hart,5.21,6.12,6.81,6.29,6.89,7.29,8.53,8.57,10.3,9.9,11.17,11.69,9.39,9.86,10.25,9.64,10.99,11.3,12.13,13.83,14.52,12.64,12.42,12.27,12.42,10.51
E12000008,South East,E07000090,Havant,4.29,4.29,4.74,4.65,5.13,6.23,6.59,8.19,7.86,8.58,8.99,9.32,7.46,8.47,8.09,7.27,7.39,8.76,8.58,8.76,9.73,10.51,10.38,10.11,10.27,10.07
E12000008,South East,E07000091,New Forest,4.86,4.99,5.73,6.14,6.76,7.91,9.37,10.39,10.81,10.58,11.01,10.72,10.03,10.22,10.36,9.67,10.44,10.29,10.17,11.88,11.98,11.5,11.94,10.89,12.66,10.58
E12000008,South East,E07000092,Rushmoor,3.99,4.12,4.6,5.12,5.26,5.88,6.12,6.03,7.37,7.18,7.52,7.19,6.21,6.72,7.01,6.88,6.79,7.6,8.38,9.44,11.05,9.89,8.9,9.21,9.98,9.52
E12000008,South East,E07000093,Test Valley,5.11,5.55,5.8,6.01,6.78,7.59,8.58,8.79,8.9,9.18,9.41,9.22,8.54,8.93,8.89,8.72,8.67,9.41,9.17,10.25,10.49,10.31,10.25,9.68,10.68,10.7
E12000008,South East,E07000094,Winchester,5.97,6.29,6.37,7.76,7.43,8.52,9,10.43,10.35,10.54,10.2,10.31,9.74,10.94,11.94,10.18,10.5,11,11.73,12.05,12.87,13.05,13.21,12.28,13.15,12.08
E12000008,South East,E07000105,Ashford,4,4.42,4.7,5.37,5.56,5.89,7.35,7.93,8.49,9.3,9.47,9.14,8.32,9.17,8.37,7.9,8.62,9.41,9.53,10.06,10.34,11.16,10.1,10.28,12.2,11.34
E12000008,South East,E07000106,Canterbury,4.87,4.9,5.23,5.34,6,7.23,8.3,8.65,9.08,9.56,10.07,9.95,8.79,9.29,9.15,8.76,9.47,9.65,10.13,11.08,11.78,11.38,11.62,11.25,13.19,10.46
E12000008,South East,E07000107,Dartford,3.65,3.78,3.84,4.68,4.66,5.4,7.51,8.28,7.79,7.72,8,8,6.41,7.14,7.39,7.35,7.86,8.46,8.84,9.28,11.01,11.2,10.49,10.02,11.04,10.33
E12000008,South East,E07000108,Dover,3.29,3.49,3.6,3.43,4.23,4.73,5.27,7.09,6.9,6.92,7.7,7.39,6.05,6.79,6.52,6.44,7.12,8.28,7.86,9.12,8.13,9.44,8.95,8.21,9.52,9.59
E12000008,South East,E07000109,Gravesham,3.82,3.83,3.91,4.53,5.36,5.8,7.11,7.42,6.94,8.4,7.31,7.63,6.53,7.51,6.24,7.38,7.71,8.99,9.26,10.16,12.44,12.66,10.53,10.29,11.31,11.35
E12000008,South East,E07000110,Maidstone,4.76,4.92,4.87,5.59,5.99,6.74,8.38,8.87,9.18,9.4,9.36,9.4,8.03,8.61,8.41,8.28,9.04,9.2,9.76,9.96,10.6,11.35,11.07,11.34,11.99,12.11
E12000008,South East,E07000111,Sevenoaks,5.87,5.72,6.32,6.48,7.91,8.41,9.82,10.19,10.91,10.69,9.56,10.01,9.58,10.86,11.19,11.5,11.63,11.89,14.35,13.58,15.62,15.53,13.79,12.92,14.12,14.53
E12000008,South East,E07000112,Folkestone and Hythe,4.16,4.28,4.18,4.58,4.72,5.41,6.57,7.82,7.3,8.64,9.3,9.28,7.87,7.99,7.79,7.41,7.57,7.12,7.92,9.01,9.61,9.45,9.42,10.32,10.94,10.15
E12000008,South East,E07000113,Swale,3.42,3.45,3.89,4.25,4.49,5.46,5.92,6.97,7.18,7.75,7.32,7.48,6.3,6.86,7.19,7.05,6.89,7.32,8.02,8.5,9.31,9.62,10.06,10.07,11.14,11.12
E12000008,South East,E07000114,Thanet,3.77,3.78,4.05,3.95,4.8,5.72,6.93,7.37,8.7,9.08,10.23,8.84,8.65,8.53,7.65,7.75,7.72,8.54,8.49,9.39,9.91,9.98,9.29,9.68,11.14,9.93
E12000008,South East,E07000115,Tonbridge and Malling,4.48,4.89,5.58,5.23,5.99,7.75,7.56,8.76,9.97,10.46,11.02,10.33,8.77,9.71,9.61,8.82,9.72,10.35,11.43,12.47,13.68,13.2,11.47,12.51,13.07,12.75
E12000008,South East,E07000116,Tunbridge Wells,4.98,5.02,5.61,6.12,6.6,7.47,8.75,9.64,10.2,10.24,10.25,10.14,8.62,9.58,9.36,9.41,9.16,10,10.51,11.9,13.28,12.96,11.87,12.73,14.53,12.15
E12000008,South East,E07000177,Cherwell,3.87,4.36,4.75,5.17,7.07,6.61,7.79,8.47,8.23,9.23,9.33,8.74,7.65,7.67,8.13,8.32,8.71,9.45,10.21,11.13,10.47,11.1,11,10.4,10.67,10.77
E12000008,South East,E07000178,Oxford,5.1,5.81,5.46,6.76,7.35,8.67,9.66,9.64,9.83,10.09,10.83,10.76,9.09,9.42,10.13,10.33,10.72,10.41,11.36,12.23,12.13,12.07,11.93,12.1,12.62,11.98
E12000008,South East,E07000179,South Oxfordshire,5.15,5.23,5.57,6.17,7.09,7.43,8.45,9.22,9.19,10.34,11.48,12.39,9.59,11.46,10.74,10.21,11.09,10.97,11,12.67,13,14.05,13.38,12.62,13.13,12.18
E12000008,South East,E07000180,Vale of White Horse,4.44,4.86,5.1,5.86,5.87,7.13,8.51,8.26,8.69,9.22,8.72,8.54,8.44,9.22,8.31,8.35,8.18,8.83,9.45,10.27,10.88,11.23,10.47,10.66,10.45,9.89
E12000008,South East,E07000181,West Oxfordshire,5.69,5.93,5.92,6.5,6.64,8.29,8.84,9.59,9.29,9.61,10.96,10.46,8.45,9.04,9.64,9.26,9.71,9.95,10.15,12.47,12.56,12.53,11.94,11.65,12.66,10.55
E12000008,South East,E07000207,Elmbridge,6.88,6.88,7.74,7.86,8.77,9.5,10.93,10.85,10.29,10.91,11.29,11.67,11.9,12.74,12.25,13.34,13.42,12.05,14.59,14.84,14.68,15.14,15.24,18.26,17.12,18.28
E12000008,South East,E07000208,Epsom and Ewell,5.76,6.12,6.62,8.78,8.28,10.44,11.28,10.89,11.35,12.26,10.92,11.89,8.89,12.8,12.89,11.4,13.91,13.78,14.28,14.73,15.63,15.41,16.74,16.33,16.25,17.67
E12000008,South East,E07000209,Guildford,4.96,5.95,6.13,7.25,8.04,8.18,9.19,9.92,9.73,10.52,10.73,10.46,9.18,9.74,10.17,9.88,10.28,10.78,10.86,12.22,12.79,13.11,12.91,13.32,13.35,12.53
E12000008,South East,E07000210,Mole Valley,5.4,6.37,6.85,8.06,8.45,9.12,9.05,9.64,11.08,11.16,11.59,10.99,9.29,10.49,10.51,10.08,10.57,11.91,12.32,13.89,14.95,14.2,13.14,14.33,14.65,14.05
E12000008,South East,E07000211,Reigate and Banstead,4.53,5.37,5.68,6.08,7.15,7.35,8.17,8.63,9.66,9.17,9.08,8.93,8.38,9.01,8.87,8.72,10.02,10.68,10.14,11.82,13.16,13.55,13.26,12.1,13.55,12.98
E12000008,South East,E07000212,Runnymede,4.66,5.7,5.98,6.52,7.38,7.5,8.59,9.04,9.41,9.04,11.28,9.61,8.5,9.48,9.36,8.48,8.74,8.89,10.16,12.07,13.47,12.93,11.56,12.1,11.39,12.86
E12000008,South East,E07000213,Spelthorne,4.59,4.64,4.87,5.54,6.65,6.82,7.59,7.18,7.92,8.85,8.94,8.24,7.5,9.23,8.29,8.3,9.48,8.89,9.23,10.57,11.5,11.86,11.38,12.76,12.63,10.12
E12000008,South East,E07000214,Surrey Heath,5.04,5.93,6.26,7.32,7.18,7.6,8.79,8.47,8.66,9.96,10.48,10.42,8.57,10.58,10.23,10.26,10.17,9.57,11.12,12.67,13.35,13.92,12.48,12.78,13.05,11.84
E12000008,South East,E07000215,Tandridge,6.18,6.44,7.2,8.47,8.64,9.03,10.08,12.94,12.19,13.24,11.97,11.75,11.19,11.42,14.23,13.52,14.07,14.19,13.64,13.46,14.1,14.66,14.6,14.05,15.05,16.29
E12000008,South East,E07000216,Waverley,5.85,6.53,6.6,7.76,7.86,9.04,9.7,10.76,11.3,11.48,11.32,12,10.34,11.51,11.6,12.16,13.11,13.89,14.46,15.66,14.71,16.29,16.54,16.92,17.36,16.75
E12000008,South East,E07000217,Woking,5.67,5.34,5.89,6.39,6.93,7.87,8.15,9.41,9.25,8.78,9.59,9.98,10.99,10.64,12.31,11.48,11.64,13.02,13.97,13.73,14.62,12.9,10.78,10.44,13.16,11.12
E12000008,South East,E07000223,Adur,4.28,4.32,4.47,5.1,7.3,6.86,8.05,8.66,10.13,10.2,10.49,11.03,9.14,10.23,9.63,9.54,9.82,10.77,12.06,12.44,12.79,13.46,13.33,11.06,12.37,13.49
E12000008,South East,E07000224,Arun,4.5,5.07,5.14,5.46,6.23,7.27,7.85,9,9.41,9.91,10.04,9.88,8.82,9.88,9.77,9.7,9.97,10.74,11.31,11.91,12.82,11.93,12.01,11.49,11.68,11.37
E12000008,South East,E07000225,Chichester,5.65,5.74,6.7,6.72,7.22,8.9,11.51,11.16,12.03,12.31,14.55,12.74,10.36,10.97,11.18,10.67,12.08,12.32,13.12,12.59,14.19,14.49,13.4,13.41,13.49,13.17
E12000008,South East,E07000226,Crawley,3.9,4.21,4.09,4.79,4.96,6.16,6.63,7.22,7.72,8.03,8.88,8.58,7.3,7.4,7.39,7.47,7.61,8.29,9.17,9.62,10.86,10.7,11.45,9.42,10.86,9.83
E12000008,South East,E07000227,Horsham,5,5.12,6.04,6.65,7.04,8.31,8.78,9.4,10.44,10.86,11.44,10.69,9.94,11.42,10.61,11.29,11.25,11.92,14.06,14.3,14.7,14.36,12.69,13.16,14.22,12.73
E12000008,South East,E07000228,Mid Sussex,4.44,5.22,5.25,6.52,7.08,7.85,9.51,10.31,9.79,10.71,10.87,10.42,9.67,10.02,10.79,10.2,10.69,11.38,12.12,13.95,13.19,12.98,13.74,12.7,13.5,12.44
E12000008,South East,E07000229,Worthing,3.66,4.2,4.25,4.64,5.53,6.5,7.76,8.35,8.53,8.77,9.78,9.36,8.38,9.09,8.44,8.03,8.58,9.05,9.36,10.59,11.47,11.94,11.24,9.87,10.71,10.33
E12000009,South West,E06000022,Bath and North East Somerset,4.63,4.72,4.98,5.5,6.21,6.59,8.19,8.92,9.45,9.31,9.45,10.24,8.82,9.24,9.34,8.99,9.28,9.49,9.95,10.37,11.28,10.99,10.79,10.84,11.89,10.84
E12000009,South West,E06000023,"Bristol, City of",3.27,3.23,3.69,4.27,4.66,5.12,6.3,6.89,7.11,7.37,7.8,7.84,6.67,6.86,6.77,6.86,6.96,7.56,7.91,8.72,9.54,9.48,9.17,8.96,10.32,9.85
E12000009,South West,E06000024,North Somerset,3.98,4.07,4.37,4.79,5.37,5.63,6.69,7.47,8.05,8.13,8.27,7.79,7.71,7.79,7.66,7.31,7.8,7.99,8.28,8.61,8.98,9.89,9.42,9.03,11.24,9.74
E12000009,South West,E06000025,South Gloucestershire,3.69,3.7,4,4.61,4.88,5.53,6.46,6.83,7.34,7.32,8.68,8.32,6.84,7.76,7.63,7.71,7.94,8.11,8.68,9.5,8.91,9.15,9.93,9.31,9.66,9.48
E12000009,South West,E06000026,Plymouth,3.3,3.23,3.26,3.19,3.49,4.22,4.8,5.74,6.72,6.73,7.25,6.67,6.4,6.5,6.13,6.24,5.82,6.13,6.39,6.69,6.49,6.59,6.69,6.72,7.43,6.89
E12000009,South West,E06000027,Torbay,3.92,4.47,4.64,4.91,4.88,6.3,7.5,8.89,9.52,9.23,9.54,9.17,8.35,7.79,7.58,7.64,7.61,7.87,8.29,8.27,8.06,8.8,8,7.7,8.58,8.7
E12000009,South West,E06000030,Swindon,3.21,3.56,3.92,4.42,4.76,5.47,6.58,6.42,6.53,6.72,6.97,7.01,5.69,6.25,6.12,6.3,5.92,6.29,6.2,6.86,7.65,8,8.01,7.48,8.03,7.71
E12000009,South West,E06000052,Cornwall,:,:,:,:,:,:,7.98,9.71,9.95,10.21,10.34,9.95,8.56,9.15,9.31,8.78,8.33,8.95,9,8.95,9.18,9.14,8.79,9.18,9.96,9.32
E12000009,South West,E06000053,Isles of Scilly,:,11.65,:,:,:,:,:,:,:,:,:,:,:,:,:,:,:,:,:,:,:,:,:,:,:,:
E12000009,South West,E06000054,Wiltshire,:,:,:,:,:,:,8.18,8.68,8.59,9.06,9.07,8.7,8.06,8.56,8.43,8.53,8.43,8.61,8.96,9.38,9.72,10.04,9.88,9.54,10.84,9.85
E12000009,South West,E06000058,"Bournemouth, Christchurch and Poole",:,:,:,:,:,:,8.75,9.93,9.94,9.97,9.86,9.66,8.68,9.26,8.77,8.78,8.63,9.14,9.1,9.05,9.89,9.63,9.56,9.72,11.16,9.6
E12000009,South West,E06000059,Dorset,:,:,:,:,:,:,8.79,9.62,10.17,10.37,10.79,10.82,9.08,10.02,9.8,9.39,9.6,9.52,9.76,10.24,10.41,10.49,10.62,9.87,11.39,10.69
E12000009,South West,E07000040,East Devon,4.83,4.77,5.35,5.84,6.15,7.1,9.45,9.76,10.49,10.21,10.85,9.73,9.03,10.33,9.86,9.17,9.21,9.6,9.57,8.96,10.16,10.33,10.22,10.83,11.06,10.18
E12000009,South West,E07000041,Exeter,3.6,3.62,3.73,4.05,4.48,5.78,7.12,8.06,8.18,8.91,9.4,8.8,8.23,7.96,7.91,8.08,7.89,8.13,8.81,8.62,9.19,9.36,8.49,9.42,9.93,9.31
E12000009,South West,E07000042,Mid Devon,4.15,4.2,4.5,5.12,5.3,6.27,7.82,9.04,8.47,9.91,9.25,8.59,7.69,7.74,7.68,8.64,8.42,8.5,8.39,8.62,8.83,9.3,9.49,9.36,9.82,9.82
E12000009,South West,E07000043,North Devon,4.37,4.41,4.93,5.49,6.15,7.03,8.14,8.75,10.11,10.67,10.01,9.45,9.87,9.62,9.48,8.54,8.81,9.12,8.97,9.46,10.17,8.61,9.76,8.9,9.84,9.54
E12000009,South West,E07000044,South Hams,4.97,5.13,5,5.25,5.61,7.07,9.48,10.21,11.59,11.35,10.92,10.8,9.31,10.39,9.99,10.09,10.55,11.04,10.46,10.83,11.48,11.43,11.06,11.06,11.64,12.52
E12000009,South West,E07000045,Teignbridge,4.78,4.98,4.63,5.06,5.68,6.35,7.25,8.89,9.68,9.44,9.72,9.75,8.89,9.02,9.29,8.78,9.01,8.9,9.52,9.57,10.17,10.12,9.54,9.48,10.51,10.21
E12000009,South West,E07000046,Torridge,4.28,4.59,5.01,5.13,5.66,6.94,7.54,10.66,11.68,11.23,11.35,10.66,10,10.07,10.15,8.95,9.11,8.92,9.54,9.65,9.01,9.73,8.9,9.05,9.45,9.44
E12000009,South West,E07000047,West Devon,5.29,5.05,5.47,5.39,6.06,6.09,9.52,10.1,11.06,9.72,11.43,12.1,9.5,10.54,8.86,9.66,9.34,9.59,9.51,9.16,9.51,9.98,10.42,9.85,12.56,:
E12000009,South West,E07000078,Cheltenham,3.96,3.91,4.4,4.86,5.18,5.97,6.74,7.73,8.1,8.69,9.08,8.15,6.94,7.94,7.84,7.44,7.78,8.41,8.05,8.58,8.96,8.6,8.29,8.91,10.1,8.33
E12000009,South West,E07000079,Cotswold,5.41,5.77,6.22,7.12,7.23,8.3,9.87,10.72,11.88,10.84,10.41,12.28,10.84,11.69,11.49,11.2,11.13,11.8,11.45,12.89,12.95,12.31,13.02,13.21,14.71,13.5
E12000009,South West,E07000080,Forest of Dean,3.84,3.67,3.69,3.85,4.1,4.79,6.03,7.08,8.35,7.81,8.36,8.31,7.04,8.57,7.53,7.85,7.08,7.43,7.82,8.82,9.07,8.64,8.15,8.9,10.72,9.12
E12000009,South West,E07000081,Gloucester,3.28,3.17,3.58,3.7,4.21,4.96,5.94,6.68,7.2,7.2,7.54,6.86,6,6.44,6.15,5.8,5.88,6.37,6.53,6.39,6.62,6.85,7.08,8.03,7.9,7.7
E12000009,South West,E07000082,Stroud,4.01,3.92,4.42,4.76,5.19,5.8,7.34,8.08,7.86,8.59,9.25,8.27,7.73,8.41,7.47,7.15,7.07,7.71,7.69,8.47,8.97,8.36,9.04,9.23,10.46,10.18
E12000009,South West,E07000083,Tewkesbury,3.93,4.13,4.23,4.3,5.21,5.64,6.43,7.46,7.39,8.38,8.08,7.6,6.99,7.12,7.24,7.67,7.58,7.45,8.22,8.13,8.69,8.63,8.9,9,9.57,8.89
E12000009,South West,E07000187,Mendip,4.28,4.12,4.96,5.13,5.32,6.84,7.61,8.82,8.64,8.68,10.81,10.13,8.59,9.21,8.47,8.87,8.58,9.02,9.56,10.05,10.98,10.96,10.47,10.06,10.96,10.1
E12000009,South West,E07000188,Sedgemoor,3.68,3.51,3.71,4.1,4.37,4.8,6.42,7.77,7.46,7.93,8.46,8.39,7.36,7.72,7.48,7.51,7.31,7.63,7.9,8.32,8.33,8.84,8.62,7.93,8.83,8.82
E12000009,South West,E07000189,South Somerset,3.67,3.75,4.32,4.68,4.83,5.75,6.64,8.12,8.28,8.43,8.8,8.68,7.56,8.02,7.51,6.96,7.23,7.3,7.78,7.79,7.47,8.21,7.67,7.56,8.72,8.03
E12000009,South West,E07000246,Somerset West and Taunton,:,:,:,:,:,:,7.56,8.7,9.12,8.78,9.12,9.12,8.19,8.28,8.35,8.38,8.06,8.28,8.32,8.33,8.5,9.01,8.03,8.33,8.56,9.06
W92000004,Wales,W06000001,Isle of Anglesey,3.6,3.06,3.35,3.47,3.42,3.77,4.49,5.54,6.08,6.64,8.02,7.39,5.99,6.22,6.45,6.35,6.36,6.07,6.57,6.45,6.46,6.58,6.76,6.49,7.12,6.91
W92000004,Wales,W06000002,Gwynedd,2.97,3.02,3.28,3.53,3.27,3.47,4.08,5.4,6.82,7.15,7.56,7.4,6.39,6.45,6.54,6.26,6,6.23,6.58,6.31,6.33,5.84,6.05,5.74,6.28,6.21
W92000004,Wales,W06000003,Conwy,3.85,3.9,3.67,3.69,3.76,4.44,5.34,5.55,6.99,7.37,8.41,7.18,7.15,7.54,7.79,7.11,6.66,7.04,6.54,6.7,6.72,6.74,6.46,6.33,7.38,6.8
W92000004,Wales,W06000004,Denbighshire,3.22,3.02,3.25,3.2,3.36,3.85,5.03,5.94,6.78,7.3,7.38,6.91,5.56,5.91,5.76,5.64,5.62,5.76,5.92,5.65,6.18,5.91,6.07,6.33,6.44,6.14
W92000004,Wales,W06000005,Flintshire,3.35,3.46,3.5,3.37,3.07,3.32,4.3,5.1,5.9,6.48,6.76,6.36,5.59,5.82,5.9,6.03,5.94,5.54,5.77,5.89,5.93,5.95,6.01,6.2,7.03,6.36
W92000004,Wales,W06000006,Wrexham,3.32,3.21,3.23,3.31,3.38,3.89,4.82,5.96,6.84,7.2,7.41,7.07,5.88,5.65,5.74,6.02,5.37,6.43,5.86,6.11,6.19,5.76,5.9,5.46,6.1,5.84
W92000004,Wales,W06000008,Ceredigion,3.71,4.06,4.98,3.65,4.37,4.54,5.79,7.36,8.75,9.1,9.91,9.48,8.02,8.71,8,8.03,7.04,6.78,7.14,7.71,7.82,7.59,7.08,6.69,7.64,7.49
W92000004,Wales,W06000009,Pembrokeshire,3.59,3.68,3.77,3.43,3.34,4.3,5.6,7.3,8.59,9.14,9.16,7.94,7.3,6.84,6.9,7.43,6.72,6.42,7.27,6.88,6.52,7,6.61,6.46,6.36,6.41
W92000004,Wales,W06000010,Carmarthenshire,2.92,2.82,2.89,2.65,2.78,2.86,3.55,5.01,5.94,6.29,6.55,6.45,5.6,5.45,5.38,5.09,4.84,4.99,5,5.19,4.98,4.99,5.2,4.91,5.33,5.38
W92000004,Wales,W06000011,Swansea,3.4,3.2,3.1,3.11,3.2,3.36,4.11,5.21,6.12,6.44,6.9,6.77,6.1,5.88,5.38,5.27,5.34,5.43,5.42,5.65,5.56,5.38,5.32,5.44,5.9,5.65
W92000004,Wales,W06000012,Neath Port Talbot,2.37,2.43,2.23,2.25,2.16,2.17,2.49,3.52,4.71,4.6,4.88,5,4.09,3.9,3.84,4.01,4.32,3.87,3.92,3.95,3.83,3.98,3.84,4.32,4.51,4.72
W92000004,Wales,W06000013,Bridgend,3.51,3.2,3.51,3.56,3.34,3.39,3.59,4.91,5.32,5.98,6.23,5.96,5.31,5.4,5.22,5.12,5,5.11,5.14,5.59,5.57,5.41,5.5,5.47,5.71,6.45
W92000004,Wales,W06000014,Vale of Glamorgan,3.75,3.62,3.91,3.66,3.62,4.15,5.12,6.07,6.92,7.49,7.44,7.48,7.62,7.4,6.88,7.08,6.86,7.53,7.65,7.36,7.36,7.27,7.39,8.27,8.62,9.2
W92000004,Wales,W06000015,Cardiff,3.6,3.86,3.97,4.01,4.23,4.84,5.98,6.89,7.65,7.84,7.79,7.38,6.42,6.77,6.46,6.49,6.58,6.54,6.64,6.83,6.94,7.3,7.27,7.39,7.89,7.23
W92000004,Wales,W06000016,Rhondda Cynon Taf,2.22,2.27,2.18,2.21,2.06,2.14,2.45,3.09,4.13,4.44,4.69,4.49,4.21,4.23,3.77,3.59,3.48,3.69,3.91,3.81,3.63,3.88,3.81,3.89,4.38,4.8
W92000004,Wales,W06000018,Caerphilly,2.75,2.77,2.71,2.68,2.94,2.99,3.38,4.48,5.39,5.9,5.88,5.44,4.62,4.76,4.74,4.59,4.58,4.76,4.57,4.68,4.62,4.79,4.99,5,5.59,5.58
W92000004,Wales,W06000019,Blaenau Gwent,1.9,1.65,1.8,2.08,1.82,1.98,2.01,2.88,3.98,4.23,4.58,4.63,3.65,3.67,3.17,3.13,3.13,3.01,3.09,3.75,3.31,3.34,3.38,3.33,3.72,3.87
W92000004,Wales,W06000020,Torfaen,2.52,2.7,2.74,2.82,2.66,2.79,3.57,4.88,5.28,5.78,7.2,6.77,5.69,5.48,5.18,5.12,5.1,5.47,5.27,4.93,5.19,5.07,5.89,5.32,6.05,5.49
W92000004,Wales,W06000021,Monmouthshire,4.09,4.52,4.65,4.81,5.74,6.47,6.91,8.2,8.77,9.23,9.94,8.75,8.29,9.47,8.3,8.56,8.56,8.7,8.59,8.9,8.46,8.77,9.69,9.38,10.52,10.5
W92000004,Wales,W06000022,Newport,3.12,2.85,2.83,2.97,3.04,3.59,4.34,5.45,5.94,6.45,6.98,6.37,5.38,5.33,4.96,5.17,5.01,5.68,5.52,5.77,5.82,6.08,6.36,6.47,7.09,6.99
W92000004,Wales,W06000023,Powys,3.73,3.49,3.61,3.87,3.98,4.35,4.99,6.11,7.43,8.44,9.55,8.5,7.66,8.05,7.86,7.21,7.69,7.57,6.84,6.6,7.18,6.96,6.7,6.38,7.16,7.19
W92000004,Wales,W06000024,Merthyr Tydfil,2.06,1.74,1.98,2.01,1.89,2.01,2.22,2.69,3.85,4.57,5.15,4.59,4.19,4.34,3.72,3.62,3.54,3.83,3.96,3.74,4.16,3.83,3.78,3.97,4.38,4.64
